"id","lat","lng","artdtsch","artbot","gattungdeutsch","strname","pflanzjahr","standalter","bezirk","standortnr","wassermenge","wassersumme","anzahlg"
"102042","51.3219631475","12.3209715639","Haus-Apfel 'Topaz'","Malus domestica 'Topaz'","Malus","Gleis-Grün-Zug Bahnhof Plagwitz",2016,9,"Plagwitz","G42201",100,"400","4"
"102043","51.3220030160","12.3209451246","Haus-Apfel 'Topaz'","Malus domestica 'Topaz'","Malus","Gleis-Grün-Zug Bahnhof Plagwitz",2020,5,"Plagwitz","G42202",100,"400","4"
"102044","51.3222317019","12.3209632281","Haus-Apfel 'Jacob Lebel'","Malus domestica 'Jacob Lebel'","Malus","Gleis-Grün-Zug Bahnhof Plagwitz",2020,5,"Plagwitz","G42205",100,"300","3"
"102045","51.3226704038","12.3210954064","Haus-Apfel 'Rote Sternrenette'","Malus domestica 'Rote Sternrenette'","Malus","Gleis-Grün-Zug Bahnhof Plagwitz",2016,9,"Plagwitz","G42212",100,"400","4"
"102046","51.3227301242","12.3210953699","Haus-Apfel 'Rote Sternrenette'","Malus domestica 'Rote Sternrenette'","Malus","Gleis-Grün-Zug Bahnhof Plagwitz",2016,9,"Plagwitz","G42213",100,"400","4"
"102047","51.3227902345","12.3211241631","Haus-Apfel 'Cox Orange'","Malus domestica 'Cox Orange'","Malus","Gleis-Grün-Zug Bahnhof Plagwitz",2016,9,"Plagwitz","G42214",100,"400","4"
"102048","51.3228529533","12.3211411772","Haus-Apfel 'Cox Orange'","Malus domestica 'Cox Orange'","Malus","Gleis-Grün-Zug Bahnhof Plagwitz",2016,9,"Plagwitz","G42215",100,"400","4"
"102049","51.3229173378","12.3211720180","Haus-Apfel  'Roter Eiserapfel'","Malus domestica 'Roter Eiserapfel'","Malus","Gleis-Grün-Zug Bahnhof Plagwitz",2016,9,"Plagwitz","G42216",100,"400","4"
"10240","51.3176298652","12.4058403425","Gemeine Esche","Fraxinus excelsior","Fraxinus","Wilhelm-Külz-Park",2021,4,"Probstheida","G10928",10,"40","4"
"10398","51.3215876394","12.2555226901","Robinie","Robinia pseudoacacia","Robinia","Park Miltitz",2021,4,"Miltitz","84535",50,"80","2"
"10434","51.3144483517","12.3277345531","Vielblütiger Apfel","Malus floribunda","Malus","Volkspark Kleinzschocher",2022,3,"Kleinzschocher","G1135",20,"30","2"
"11267","51.3282274181","12.3313752464","Rot-Eiche","Quercus rubra","Quercus","Stadtteilpark Plagwitz",2011,14,"Plagwitz","G30",45,"370","9"
"11336","51.3280093540","12.3344803645","Säulen-Eiche 'Fastigiata Koster'","Quercus robur 'Fastigiata Koster'","Quercus","Stadtteilpark Plagwitz",2013,12,"Plagwitz","G4175",25,"30","2"
"1169","51.3468443138","12.3975101455","Stadt-Linde","Tilia cordata 'Greenspire'","Tilia","Bussestraße",2020,5,"Neustadt-Neuschönefeld","77070",40,"140","7"
"1170","51.3468396216","12.3976186990","Stadt-Linde","Tilia cordata 'Greenspire'","Tilia","Bussestraße",2020,5,"Neustadt-Neuschönefeld","77069",40,"110","5"
"1172","51.3467053241","12.3973670820","Stadt-Linde","Tilia cordata 'Greenspire'","Tilia","Ludwigstraße",2020,5,"Neustadt-Neuschönefeld","77072",10,"10","1"
"11781","51.3955365916","12.3810433408","Französischer Ahorn","Acer monspessulanum","Acer","Spielplatz Theobald-Beer-Straße (1. BA)/B-Plan E-135 ""Nördlich Seehausener Straße""",2021,4,"Wiederitzsch","79700",25,"50","2"
"117994","51.3569330822","12.2626039183","Purpur-Erle","Alnus x spaethii","Alnus","Arthur-Heidrich-Platz",2021,4,"Burghausen-Rückmarsdorf","G39827",30,"250","9"
"11878","51.3221892707","12.3214200132","Süßkirsche 'Hedelfinger Riesenkirsche'","Prunus avium 'Hedelfinger Riesenkirsche'","Prunus","Gleis-Grün-Zug Bahnhof Plagwitz",2016,9,"Plagwitz","G42181",100,"400","4"
"11879","51.3221479300","12.3213585466","Süßkirsche 'Hedelfinger Riesenkirsche'","Prunus avium 'Hedelfinger Riesenkirsche'","Prunus","Gleis-Grün-Zug Bahnhof Plagwitz",2016,9,"Plagwitz","G42182",100,"400","4"
"11880","51.3221545213","12.3212614150","Süßkirsche 'Burlat'","Prunus avium 'Burlat'","Prunus","Gleis-Grün-Zug Bahnhof Plagwitz",2016,9,"Plagwitz","G42183",100,"400","4"
"11881","51.3221983758","12.3213266106","Süßkirsche 'Burlat'","Prunus avium 'Burlat'","Prunus","Gleis-Grün-Zug Bahnhof Plagwitz",2016,9,"Plagwitz","G42184",100,"400","4"
"11882","51.3221595687","12.3211754260","Kirsche","Prunus species","Prunus","Gleis-Grün-Zug Bahnhof Plagwitz",2016,9,"Plagwitz","G42186",100,"400","4"
"11885","51.3216596443","12.3209344250","Ess-Kastanie","Castanea sativa","Castanea","Gleis-Grün-Zug Bahnhof Plagwitz",2020,5,"Plagwitz","G42192",100,"300","3"
"11886","51.3219345525","12.3210936622","Kultur-Birne 'Conference'","Pyrus communis 'Conference'","Pyrus","Gleis-Grün-Zug Bahnhof Plagwitz",2016,9,"Plagwitz","G42198",100,"400","4"
"11887","51.3219553878","12.3211551753","Kultur-Birne 'Petersbirne'","Pyrus communis 'Petersbirne'","Pyrus","Gleis-Grün-Zug Bahnhof Plagwitz",2016,9,"Plagwitz","G42199",100,"400","4"
"11888","51.3219843130","12.3210514310","Kultur-Birne 'Clapps Liebling'","Pyrus communis 'Clapps Liebling'","Pyrus","Gleis-Grün-Zug Bahnhof Plagwitz",2022,3,"Plagwitz","G42200",100,"150","2"
"11890","51.3225259650","12.3212568440","Essbare Eberesche","Sorbus aucuparia 'Edulis'","Sorbus","Gleis-Grün-Zug Bahnhof Plagwitz",2016,9,"Plagwitz","G42207",100,"300","3"
"11891","51.3229875348","12.3211896010","Haus-Apfel  'Roter Eiserapfel'","Malus domestica 'Roter Eiserapfel'","Malus","Gleis-Grün-Zug Bahnhof Plagwitz",2016,9,"Plagwitz","G42217",100,"300","3"
"11893","51.3227767554","12.3213408393","Feld-Ahorn","Acer campestre","Acer","Gleis-Grün-Zug Bahnhof Plagwitz",2020,5,"Plagwitz","G47636",100,"150","2"
"1195","51.3305446381","12.3747041617","Gleditschie 'Inermis'","Gleditsia triacanthos 'Inermis'","Gleditsia","Gaudigplatz",2020,5,"Zentrum-Süd","77093",100,"100","1"
"12730","51.3423637972","12.4170093090","Haus-Apfel 'Gravensteiner'","Malus domestica 'Gravensteiner'","Malus","""Lichter Hain""-Wurzner Straße Baulückenbegrünung",2022,3,"Volkmarsdorf","93578",60,"120","2"
"1276","51.3308057542","12.3293517537","Feld-Ahorn","Acer campestre","Acer","Weg 7001",2020,5,"Lindenau","77064",30,"50","3"
"133701","51.3307141700","12.3047236396","Apfel-Dorn","Crataegus x lavallei","Crataegus","Lindenauer Hafen",2024,1,"Schönau","G20572",60,"60","1"
"133714","51.3303398223","12.3054538604","Pyramiden-Pappel","Populus nigra 'Italica'","Populus","Lindenauer Hafen",2014,11,"Schönau","145747",80,"80","1"
"13487","51.3211513339","12.2544508140","Yoshino-Kirsche","Prunus x yedoensis","Prunus","Park Miltitz",2012,13,"Miltitz","G29549",30,"55","2"
"1363","51.3466023163","12.4073903246","Hopfenbuche","Ostrya carpinifolia","Ostrya","Hildegardstraße",2020,5,"Volkmarsdorf","5626",6,"6","1"
"1383","51.3473817790","12.3978134355","Säulen-Hainbuche 'Frans Fontaine'","Carpinus betulus 'Frans Fontaine'","Carpinus","Mariannenstraße",2020,5,"Neustadt-Neuschönefeld","8211",60,"202","10"
"1384","51.3474121372","12.3977644090","Säulen-Hainbuche 'Frans Fontaine'","Carpinus betulus 'Frans Fontaine'","Carpinus","Mariannenstraße",2020,5,"Neustadt-Neuschönefeld","8216",50,"120","6"
"1397","51.3327096718","12.4064612048","Kegelförmiger Spitz-Ahorn","Acer platanoides 'Emerald Queen'","Acer","Riebeckstraße",2020,5,"Reudnitz-Thonberg","22124",40,"300","8"
"14390","51.3292544135","12.3087966494","Schwedische Mehlbeere","Sorbus intermedia","Sorbus","Lindenauer Hafen",2020,5,"Schönau","G20485",60,"420","7"
"14391","51.3291125106","12.3086138779","Vogel-Kirsche","Prunus avium","Prunus","Lindenauer Hafen",2020,5,"Schönau","G20505",60,"310","6"
"1463","51.3462222936","12.4111770876","Hopfenbuche","Ostrya carpinifolia","Ostrya","Idastraße",2020,5,"Volkmarsdorf","5676",20,"20","1"
"1472","51.3328068363","12.4065153021","Kegelförmiger Spitz-Ahorn","Acer platanoides 'Emerald Queen'","Acer","Riebeckstraße",2020,5,"Reudnitz-Thonberg","22123",40,"310","9"
"14727","51.3339773128","12.3276593503","Trauben-Kirsche","Prunus padus","Prunus","Henriettenpark",2012,13,"Lindenau","G3533",60,"120","2"
"14732","51.3336166821","12.3274796089","Pflaumenblättriger Weißdorn 'Splendens'","Crataegus persimilis 'Splendens'","Crataegus","Henriettenpark",2018,7,"Lindenau","G15867",80,"265","5"
"1479","51.3538880910","12.4617955205","Rot-Esche Summit","Fraxinus pennsylvanica 'Summit'","Fraxinus","Schlehenweg",2020,5,"Paunsdorf","50369",80,"1045","63"
"15516","51.3557703935","12.4152565014","Japanischer Schnurbaum","Sophora japonica","Sophora","WG Schönefeld-Kohlweg/Losinskiweg/Gorkistraße",2014,11,"Schönefeld-Ost","G10017",7,"7","1"
"15770","51.3072285289","12.2945326967","Stadt-Linde","Tilia cordata 'Greenspire'","Tilia","Rapsweg",2022,3,"Großzschocher","51613",70,"375","6"
"15793","51.3250992977","12.2902991444","Stiel-Eiche","Quercus robur","Quercus","WG Grünau WK 5.1-Garskestraße/Lützner Straße/Schönauer Straße",2020,5,"Schönau","78024",75,"75","1"
"15966","51.3203240445","12.2551296555","Spitz-Ahorn","Acer platanoides","Acer","Auenweg",2020,5,"Miltitz","51965",50,"100","2"
"15969","51.3458483565","12.3152758145","Säulen-Eiche","Quercus robur 'Fastigiata'","Quercus","Benediktusstraße",2020,5,"Leutzsch","76980",20,"90","6"
"15970","51.3459031016","12.3150902202","Säulen-Eiche","Quercus robur 'Fastigiata'","Quercus","Benediktusstraße",2020,5,"Leutzsch","76981",60,"190","7"
"15988","51.3416882183","12.3301298107","Blut-Ahorn 'Deborah'","Acer platanoides 'Deborah'","Acer","Friesenstraße",2024,1,"Altlindenau","54935",10,"10","1"
"15989","51.3418146542","12.3301998620","Blut-Ahorn 'Deborah'","Acer platanoides 'Deborah'","Acer","Friesenstraße",2020,5,"Altlindenau","54937",50,"50","1"
"1622","51.3207562318","12.2637453224","Stiel-Eiche","Quercus robur","Quercus","Am kleinen Feld",2020,5,"Grünau-Nord","77987",100,"100","1"
"16221","51.3436932167","12.3255009607","Winter-Linde 'Rancho'","Tilia cordata 'Rancho'","Tilia","Hempelstraße",2023,2,"Altlindenau","132662",80,"95","2"
"16222","51.3435915492","12.3253572538","Winter-Linde 'Rancho'","Tilia cordata 'Rancho'","Tilia","Hempelstraße",2023,2,"Altlindenau","132661",95,"95","1"
"16224","51.3432624307","12.3248933749","Winter-Linde 'Rancho'","Tilia cordata 'Rancho'","Tilia","Hempelstraße",2023,2,"Altlindenau","132659",20,"20","1"
"16279","51.3568209938","12.2653710058","Kaiser-Linde","Tilia x vulgaris 'Pallida'","Tilia","Am Dorfplatz",2023,2,"Burghausen-Rückmarsdorf","57999",40,"160","4"
"16543","51.3660256537","12.3719736589","Südlicher Zürgelbaum","Celtis australis","Celtis","Dietzgenstraße",2024,1,"Gohlis-Mitte","133807",80,"180","4"
"16581","51.3645183688","12.3652954690","Hopfenbuche","Ostrya carpinifolia","Ostrya","Cöthner Straße",2023,2,"Gohlis-Süd","88605",100,"1150","17"
"16613","51.3674642150","12.3720836751","Hopfenbuche","Ostrya carpinifolia","Ostrya","Corinthstraße",2024,1,"Gohlis-Mitte","133796",75,"230","5"
"16614","51.3675570592","12.3719495317","Hopfenbuche","Ostrya carpinifolia","Ostrya","Corinthstraße",2024,1,"Gohlis-Mitte","133797",75,"655","21"
"16615","51.3676389425","12.3718354610","Hopfenbuche","Ostrya carpinifolia","Ostrya","Corinthstraße",2024,1,"Gohlis-Mitte","133798",50,"215","7"
"16616","51.3677524608","12.3716733947","Hopfenbuche","Ostrya carpinifolia","Ostrya","Corinthstraße",2024,1,"Gohlis-Mitte","133799",50,"100","2"
"16617","51.3678335840","12.3715593666","Hopfenbuche","Ostrya carpinifolia","Ostrya","Corinthstraße",2024,1,"Gohlis-Mitte","133800",50,"100","2"
"16618","51.3679147344","12.3714465518","Hopfenbuche","Ostrya carpinifolia","Ostrya","Corinthstraße",2024,1,"Gohlis-Mitte","133801",50,"100","2"
"16619","51.3679948677","12.3713303960","Hopfenbuche","Ostrya carpinifolia","Ostrya","Corinthstraße",2024,1,"Gohlis-Mitte","137660",50,"100","2"
"16647","51.3572525739","12.4182073079","Japanische Zelkove 'Green Vase'","Zelkova serrata 'Green Vase'","Zelkova","Löbauer Straße",2024,1,"Schönefeld-Ost","137519",5,"5","1"
"1677","51.3266097039","12.3393903267","Säulen-Eiche 'Fastigiata Koster'","Quercus robur 'Fastigiata Koster'","Quercus","Nonnenstraße",2020,5,"Plagwitz","77041",5,"5","1"
"1678","51.3266549769","12.3393126254","Säulen-Eiche 'Fastigiata Koster'","Quercus robur 'Fastigiata Koster'","Quercus","Nonnenstraße",2020,5,"Plagwitz","77040",50,"325","14"
"1679","51.3267503385","12.3392938960","Amberbaum","Liquidambar styraciflua","Liquidambar","Industriestraße",2020,5,"Plagwitz","77039",50,"225","8"
"16885","51.3674007244","12.3785845478","Tulpenbaum","Liriodendron tulipifera","Liriodendron","Krokerstraße",2024,1,"Gohlis-Mitte","133820",50,"147","5"
"16998","51.3633845715","12.3921856604","Stadt-Linde","Tilia cordata 'Greenspire'","Tilia","Hamburger Straße",2024,1,"Eutritzsch","137565",60,"120","2"
"17024","51.3393059523","12.3277466598","Säulen-Eiche 'Fastigiata Koster'","Quercus robur 'Fastigiata Koster'","Quercus","Erich-Köhn-Straße",2024,1,"Altlindenau","132603",5,"5","1"
"17025","51.3391979831","12.3273895132","Säulen-Eiche 'Fastigiata Koster'","Quercus robur 'Fastigiata Koster'","Quercus","Erich-Köhn-Straße",2024,1,"Altlindenau","132604",5,"11","3"
"17081","51.3337557235","12.3578119777","Holländische Linde","Tilia x vulgaris","Tilia","Ferdinand-Lassalle-Straße",2024,1,"Zentrum-West","37579",30,"60","3"
"17084","51.3454580628","12.3605141385","Spitz-Ahorn 'Farlake´s Green'","Acer platanoides 'Farlake´s Green'","Acer","Tschaikowskistraße",2024,1,"Zentrum-Nordwest","54354",10,"20","2"
"17183","51.2849167","12.33665","Gemeine Esche","Fraxinus excelsior","Fraxinus","Lauerscher Weg",2024,1,"Großzschocher","osm_cossi_1
",80,"800","10"
"17184","51.2848","12.3365167","Gemeine Esche","Fraxinus excelsior","Fraxinus","Lauerscher Weg",2024,1,"Großzschocher","osm_cossi_2",80,"800","10"
"17185","51.28485","12.3364","Gemeine Esche","Fraxinus excelsior","Fraxinus","Lauerscher Weg",2024,1,"Großzschocher","osm_cossi_3",80,"800","10"
"17186","51.3247131717","12.3421006891","Gleditschie 'Skyline'","Gleditsia triacanthos 'Skyline'","Gleditsia","Brockhausstraße",2024,1,"Schleußig","40841",30,"50","2"
"17187","51.3231481160","12.3407666753","Gleditschie 'Skyline'","Gleditsia triacanthos 'Skyline'","Gleditsia","Brockhausstraße",2024,1,"Schleußig","40781",80,"150","3"
"2010","51.323094800000000","12.322103900000000",NULL,NULL,NULL,NULL,2016,9,"Plagwitz","osm_6057707009",100,"100","1"
"2015","51.323154500000001","12.322254900000001",NULL,NULL,NULL,NULL,2016,9,"Plagwitz","osm_6057707014",100,"100","1"
"2022","51.323303400000000","12.322538099999999",NULL,NULL,NULL,NULL,2016,9,"Plagwitz","osm_6057707021",100,"100","1"
"2029","51.322984699999999","12.321183400000001",NULL,NULL,NULL,NULL,2016,9,"Plagwitz","osm_6058038169",100,"100","1"
"2316","51.3477576919","12.3732140624","Stadt-Linde","Tilia cordata 'Greenspire'","Tilia","Parthenstraße",2021,4,"Zentrum-Nord","12929",60,"149","3"
"251","51.3366195500","12.3659025937","Stadt-Linde","Tilia cordata 'Greenspire'","Tilia","Friedrich-Ebert-Straße",2020,5,"Zentrum-West","35905",84,"88","2"
"2515","51.3186219261","12.3231618466","Säulen-Ulme","Ulmus 'Columella'","Ulmus","Rolf-Axen-Straße",2021,4,"Kleinzschocher","76569",30,"348","18"
"260075","51.3210926480","12.4132218263","Gemeine Kiefer","Pinus sylvestris","Pinus","Thonberger Park",2024,1,"Stötteritz","150793",15,"30","2"
"260255","51.3228241053","12.3972518265","Purpur-Erle","Alnus x spaethii","Alnus","Philipp-Rosenthal-Straße",2024,1,"Zentrum-Südost","29326",10,"40","4"
"260283","51.3327216846","12.3236968753","Schmalkronige Mehlbeere","Sorbus intermedia 'Brouwers'","Sorbus","Jordanstraße",2024,1,"Lindenau","148200",10,"30","3"
"260473","51.3526246343","12.3107697455","Feld-Ahorn","Acer campestre","Acer","Karl-Schurz-Straße",2024,1,"Leutzsch","55511",20,"20","1"
"260526","51.3402236690","12.3675634847","Säulen-Magnolie","Magnolia kobus 'Isis'","Magnolia","Thomasiusstraße",2024,1,"Zentrum-West","146838",80,"160","2"
"260532","51.3617076708","12.3576751740","Koreanische Eberesche","Sorbus commixta 'Dodong'","Sorbus","Wiederitzscher Straße",2025,0,"Gohlis-Süd","155461",100,"100","1"
"260533","51.3616808932","12.3577856185","Koreanische Eberesche","Sorbus commixta 'Dodong'","Sorbus","Wiederitzscher Straße",2025,0,"Gohlis-Süd","155462",100,"100","1"
"260772","51.3363521291","12.4109290554","Kegel-Linde","Tilia flavescens 'Glenleven'","Tilia","Borsdorfer Straße",2024,1,"Anger-Crottendorf","150200",11,"11","1"
"261040","51.3210926480","12.4132218263","Gemeine Kiefer","Pinus sylvestris","Pinus","Thonberger Park",2024,1,"Stötteritz","150793",15,"45","3"
"261220","51.3228241053","12.3972518265","Purpur-Erle","Alnus x spaethii","Alnus","Philipp-Rosenthal-Straße",2024,1,"Zentrum-Südost","29326",20,"230","12"
"261438","51.3526246343","12.3107697455","Feld-Ahorn","Acer campestre","Acer","Karl-Schurz-Straße",2024,1,"Leutzsch","55511",20,"90","5"
"261439","51.3525277314","12.3107603407","Feld-Ahorn","Acer campestre","Acer","Karl-Schurz-Straße",2024,1,"Leutzsch","55524",20,"90","5"
"261490","51.3401054414","12.3677743812","Säulen-Magnolie","Magnolia kobus 'Isis'","Magnolia","Thomasiusstraße",2024,1,"Zentrum-West","146839",90,"90","1"
"261717","51.3294588680","12.3685432917","Säulen-Hainbuche 'Frans Fontaine'","Carpinus betulus 'Frans Fontaine'","Carpinus","Grassistraße",2024,1,"Zentrum-Süd","37010",100,"350","4"
"261738","51.3365756405","12.4109337265","Feld-Ahorn","Acer campestre","Acer","Borsdorfer Straße",2024,1,"Anger-Crottendorf","150201",11,"11","1"
"261757","51.3414988627","12.3295526777","Säulen-Ulme","Ulmus 'Columella'","Ulmus","Paul-Küstner-Straße",2024,1,"Altlindenau","133917",250,"250","1"
"261771","51.3441084401","12.3250776499","Säulen-Eiche 'Fastigiata Koster'","Quercus robur 'Fastigiata Koster'","Quercus","Paul-Küstner-Straße",2024,1,"Altlindenau","133933",120,"280","4"
"261772","51.3442209507","12.3248882178","Säulen-Eiche 'Fastigiata Koster'","Quercus robur 'Fastigiata Koster'","Quercus","Paul-Küstner-Straße",2024,1,"Altlindenau","133934",120,"200","2"
"261775","51.3439374967","12.3253674462","Säulen-Eiche 'Fastigiata Koster'","Quercus robur 'Fastigiata Koster'","Quercus","Paul-Küstner-Straße",2024,1,"Altlindenau","133932",95,"240","4"
"261777","51.3443340325","12.3246901600","Säulen-Eiche 'Fastigiata Koster'","Quercus robur 'Fastigiata Koster'","Quercus","Paul-Küstner-Straße",2024,1,"Altlindenau","133935",65,"90","2"
"261778","51.3444487054","12.3244944632","Säulen-Eiche 'Fastigiata Koster'","Quercus robur 'Fastigiata Koster'","Quercus","Paul-Küstner-Straße",2024,1,"Altlindenau","133936",50,"75","2"
"261779","51.3445411326","12.3243344282","Säulen-Eiche 'Fastigiata Koster'","Quercus robur 'Fastigiata Koster'","Quercus","Paul-Küstner-Straße",2024,1,"Altlindenau","133937",25,"25","1"
"2689","51.3325358353","12.3501675071","Stadt-Linde","Tilia cordata 'Greenspire'","Tilia","Käthe-Kollwitz-Straße",2021,4,"Lindenau","36293",45,"45","1"
"2697","51.3321774886","12.3446715173","Platane","Platanus x acerifolia","Platanus","Karl-Heine-Straße",2021,4,"Plagwitz","39981",100,"100","1"
"2702","51.3321235590","12.3470470306","Platane","Platanus x acerifolia","Platanus","Karl-Heine-Straße",2021,4,"Plagwitz","39956",10,"10","1"
"2721","51.3321199844","12.3472256650","Platane","Platanus x acerifolia","Platanus","Karl-Heine-Straße",2021,4,"Plagwitz","39954",10,"10","1"
"2818","51.3396820459","12.3185514769","Stadt-Linde","Tilia cordata 'Greenspire'","Tilia","Merseburger Straße",2021,4,"Altlindenau","43754",50,"50","1"
"2912","51.3033485610","12.3921759471","Stadt-Linde","Tilia cordata 'Greenspire'","Tilia","Probstheidaer Straße",2021,4,"Marienbrunn","71055",30,"215","13"
"3216","51.3243696432","12.2936675878","Säulen-Tulpenbaum","Liriodendron tulipifera 'Fastigiatum'","Liriodendron","Weißdornstraße",2021,4,"Grünau-Ost","85560",100,"100","1"
"3217","51.3242706506","12.2937131062","Säulen-Tulpenbaum","Liriodendron tulipifera 'Fastigiatum'","Liriodendron","Weißdornstraße",2021,4,"Grünau-Ost","85561",100,"100","1"
"3218","51.3241412843","12.2937705660","Säulen-Tulpenbaum","Liriodendron tulipifera 'Fastigiatum'","Liriodendron","Weißdornstraße",2021,4,"Grünau-Ost","85562",50,"50","1"
"3219","51.3240892211","12.2937948606","Säulen-Tulpenbaum","Liriodendron tulipifera 'Fastigiatum'","Liriodendron","Weißdornstraße",2021,4,"Grünau-Ost","85563",50,"50","1"
"3220","51.3240376715","12.2938163560","Säulen-Tulpenbaum","Liriodendron tulipifera 'Fastigiatum'","Liriodendron","Weißdornstraße",2021,4,"Grünau-Ost","85564",50,"50","1"
"3221","51.3240948507","12.2934881029","Ess-Kastanie","Castanea sativa","Castanea","Parkplatz 6104",2021,4,"Grünau-Ost","53310",100,"100","1"
"32457","51.3417646534","12.3296281851","Zierkirsche","Prunus x schmittii","Prunus","Paul-Küstner-Straße 002A (008728)",2017,8,"Altlindenau","114386",150,"150","1"
"3265","51.3239419877","12.2925635012","Ess-Kastanie","Castanea sativa","Castanea","Parkplatz 6104",2021,4,"Grünau-Ost","53309",100,"100","1"
"3266","51.3239139588","12.2923895540","Ess-Kastanie","Castanea sativa","Castanea","Parkplatz 6104",2021,4,"Grünau-Ost","53307",100,"100","1"
"3314","51.3251780739","12.2740532648","Zerr-Eiche","Quercus cerris","Quercus","Kiewer Straße",2021,4,"Grünau-Nord","47563",150,"400","3"
"3315","51.3252619243","12.2740118276","Zerr-Eiche","Quercus cerris","Quercus","Kiewer Straße",2021,4,"Grünau-Nord","47564",150,"350","3"
"3316","51.3253473454","12.2739760392","Zerr-Eiche","Quercus cerris","Quercus","Kiewer Straße",2021,4,"Schönau","47565",150,"350","3"
"3318","51.3205402341","12.2767782580","Zerr-Eiche","Quercus cerris","Quercus","Kiewer Straße",2021,4,"Grünau-Nord","85429",100,"300","3"
"3319","51.3203767144","12.2768904693","Zerr-Eiche","Quercus cerris","Quercus","Kiewer Straße",2021,4,"Grünau-Nord","47459",100,"300","3"
"3320","51.3204602790","12.2768328391","Zerr-Eiche","Quercus cerris","Quercus","Kiewer Straße",2021,4,"Grünau-Nord","47460",100,"300","3"
"3321","51.3210545445","12.2764740850","Zerr-Eiche","Quercus cerris","Quercus","Kiewer Straße",2021,4,"Grünau-Nord","47485",100,"300","3"
"3322","51.3211376698","12.2764169099","Zerr-Eiche","Quercus cerris","Quercus","Kiewer Straße",2021,4,"Grünau-Nord","47486",100,"300","3"
"3323","51.3212196705","12.2763577916","Zerr-Eiche","Quercus cerris","Quercus","Kiewer Straße",2021,4,"Grünau-Nord","47487",100,"300","3"
"3338","51.3368450896","12.3368036785","Hopfenbuche","Ostrya carpinifolia","Ostrya","Kuhturmstraße",2021,4,"Altlindenau","76952",55,"170","6"
"3671","51.3621989601","12.3751113696","Robinie 'Semperflorens'","Robinia pseudoacacia 'Semperflorens'","Robinia","Blochmannstraße",2022,3,"Gohlis-Süd","58491",30,"120","4"
"382872","51.3217067937","12.3208802886","Haus-Apfel 'Cox Orange'","Malus domestica 'Cox Orange'","Malus","Gleis-Grün-Zug Bahnhof Plagwitz",2025,0,"Plagwitz","G42193",50,"50","1"
"382873","51.3221268780","12.3209338843","Haus-Apfel 'Weißer Winter-Calville'","Malus domestica 'Weißer Winter-Calville'","Malus","Gleis-Grün-Zug Bahnhof Plagwitz",2025,0,"Plagwitz","G42203",100,"300","3"
"382876","51.3297645954","12.3063425016","Schwedische Mehlbeere","Sorbus intermedia","Sorbus","Lindenauer Hafen",2025,0,"Schönau","G20542",60,"300","5"
"382882","51.3374606278","12.3795138126","Japan-Apfel","Malus toringo","Malus","Promenadenring, Lenné-Anlage",2025,0,"Zentrum","G4248",20,"20","1"
"3887","51.3212950503","12.2561647221","Stadt-Linde","Tilia cordata 'Greenspire'","Tilia","Geschwister-Scholl-Straße",2022,3,"Miltitz","52079",50,"50","1"
"3888","51.3207280544","12.2563029297","Stadt-Linde","Tilia cordata 'Greenspire'","Tilia","Geschwister-Scholl-Straße",2022,3,"Miltitz","52087",50,"100","2"
"4110","51.320883607664406","12.321279644966125",NULL,NULL,NULL,NULL,NULL,NULL,"Plagwitz","osm_ant_brdg_1",50,"50","1"
"412868","51.3313589107","12.3976814124","Pyramiden-Hainbuche","Carpinus betulus 'Fastigiata'","Carpinus","Volckmarstraße",1999,26,"Reudnitz-Thonberg","22622",30,"80","3"
"412869","51.3313132971","12.3976888776","Pyramiden-Hainbuche","Carpinus betulus 'Fastigiata'","Carpinus","Volckmarstraße",1999,26,"Reudnitz-Thonberg","22623",30,"80","3"
"412870","51.3312648450","12.3976697997","Pyramiden-Hainbuche","Carpinus betulus 'Fastigiata'","Carpinus","Volckmarstraße",1999,26,"Reudnitz-Thonberg","22624",30,"80","3"
"412871","51.3312214999","12.3976296152","Pyramiden-Hainbuche","Carpinus betulus 'Fastigiata'","Carpinus","Volckmarstraße",1999,26,"Reudnitz-Thonberg","22625",30,"80","3"
"412872","51.3311765977","12.3975517604","Pyramiden-Hainbuche","Carpinus betulus 'Fastigiata'","Carpinus","Volckmarstraße",1999,26,"Reudnitz-Thonberg","22627",30,"80","3"
"418400","51.3492751006","12.4261930322","Sand-Birke","Betula pendula","Betula","Louis-Fürnberg-Straße 002 (002788)",1975,50,"Sellerhausen-Stünz","113072",25,"45","2"
"418402","51.3492265875","12.4262548634","Kiefer","Pinus species","Pinus","Louis-Fürnberg-Straße 002 (002788)",1960,65,"Sellerhausen-Stünz","113076",20,"30","2"
"427799","51.3576105793","12.4053992950","Spitz-Ahorn","Acer platanoides","Acer","Schönefelder Allee südlich Schwimmhalle",1950,75,"Schönefeld-Abtnaundorf","85581",60,"100","2"
"432441","51.3218767760","12.3209860729","Berg-Ahorn","Acer pseudoplatanus","Acer","Gleis-Grün-Zug Bahnhof Plagwitz",1960,65,"Plagwitz","G42197",100,"300","3"
"44059","51.3491161379","12.3517568108","Amberbaum","Liquidambar styraciflua","Liquidambar","Max-Planck-Straße 053-055 (012066)",2018,7,"Zentrum-Nordwest","G48117",10,"30","3"
"50141","51.3490226549","12.4260769906","Rotbuche","Fagus sylvatica","Fagus","Louis-Fürnberg-Straße 002 (002788)",2005,20,"Sellerhausen-Stünz","112965",30,"270","12"
"50267","51.3492983212","12.4261917664","Blaue Stech-Fichte","Picea pungens 'Glauca'","Picea","Louis-Fürnberg-Straße 002 (002788)",2000,25,"Sellerhausen-Stünz","113071",25,"25","1"
"50284","51.3495265761","12.4267904214","Gleditschie","Gleditsia triacanthos","Gleditsia","Louis-Fürnberg-Straße 002 (002788)",2015,10,"Sellerhausen-Stünz","113085",45,"45","1"
"52383","51.3488228242","12.4262705887","Silber-Linde","Tilia tomentosa","Tilia","Louis-Fürnberg-Straße 002 (002788)",2021,4,"Sellerhausen-Stünz","130632",5,"5","1"
"52384","51.3488420939","12.4261560611","Rot-Eiche","Quercus rubra","Quercus","Louis-Fürnberg-Straße 002 (002788)",2021,4,"Sellerhausen-Stünz","130633",5,"5","1"
"52420","51.3062230705","12.3978172593","Spitz-Ahorn","Acer platanoides","Acer","An der Märchenwiese (östlicher Teil)",2024,1,"Marienbrunn","G25572",5,"5","1"
"52430","51.3222090025","12.3212289565","Süßkirsche 'Große Schwarze Knorpel '","Prunus avium 'Große Schwarze Knorpel'","Prunus","Gleis-Grün-Zug Bahnhof Plagwitz",2024,1,"Plagwitz","G42185",100,"250","3"
"52531","51.3062774143","12.3995217223","Spitz-Ahorn","Acer platanoides","Acer","An der Märchenwiese (östlicher Teil)",2024,1,"Marienbrunn","G25671",40,"120","4"
"52767","51.3292554357","12.3071985704","Vogel-Kirsche","Prunus avium","Prunus","Lindenauer Hafen",2014,11,"Schönau","G20527",60,"360","6"
"52768","51.3292916152","12.3071370139","Speierling","Sorbus domestica","Sorbus","Lindenauer Hafen",2014,11,"Schönau","G20528",60,"420","7"
"52772","51.3296449750","12.3065380175","Eingriffliger Weißdorn","Crataegus monogyna","Crataegus","Lindenauer Hafen",2014,11,"Schönau","G20536",60,"420","7"
"52773","51.3296700827","12.3064956292","Eingriffliger Weißdorn","Crataegus monogyna","Crataegus","Lindenauer Hafen",2014,11,"Schönau","G20537",60,"420","7"
"52774","51.3297004418","12.3064430268","Vogel-Kirsche","Prunus avium","Prunus","Lindenauer Hafen",2014,11,"Schönau","G20539",60,"300","5"
"52775","51.3296624453","12.3066484005","Winter-Linde","Tilia cordata","Tilia","Lindenauer Hafen",2014,11,"Schönau","G20540",120,"400","5"
"52776","51.3297368500","12.3063836091","Speierling","Sorbus domestica","Sorbus","Lindenauer Hafen",2014,11,"Schönau","G20541",60,"420","7"
"52777","51.3297179114","12.3065572862","Winter-Linde","Tilia cordata","Tilia","Lindenauer Hafen",2014,11,"Schönau","G20543",60,"60","1"
"52778","51.3297767055","12.3064583675","Winter-Linde","Tilia cordata","Tilia","Lindenauer Hafen",2014,11,"Schönau","G20545",60,"60","1"
"52783","51.3301129243","12.3057439313","Eingriffliger Weißdorn","Crataegus monogyna","Crataegus","Lindenauer Hafen",2014,11,"Schönau","G20552",90,"390","6"
"52785","51.3301389702","12.3056993335","Eingriffliger Weißdorn","Crataegus monogyna","Crataegus","Lindenauer Hafen",2014,11,"Schönau","G20554",90,"390","6"
"52786","51.3301624304","12.3056596251","Eingriffliger Weißdorn","Crataegus monogyna","Crataegus","Lindenauer Hafen",2014,11,"Schönau","G20555",90,"390","6"
"52787","51.3304823092","12.3051185614","Eingriffliger Weißdorn","Crataegus monogyna","Crataegus","Lindenauer Hafen",2014,11,"Schönau","G20562",60,"240","4"
"52788","51.3305061780","12.3050809819","Eingriffliger Weißdorn","Crataegus monogyna","Crataegus","Lindenauer Hafen",2014,11,"Schönau","G20563",60,"240","4"
"52791","51.3298370973","12.3051510981","Trauben-Kirsche","Prunus padus","Prunus","Lindenauer Hafen",2014,11,"Schönau","G20602",60,"380","10"
"5297","51.3198632440","12.4276790798","Stadt-Linde","Tilia cordata 'Greenspire'","Tilia","Holzhäuser Straße",2022,3,"Stötteritz","24845",60,"105","3"
"5337","51.3071726260","12.2945628716","Stadt-Linde","Tilia cordata 'Greenspire'","Tilia","Rapsweg",2022,3,"Großzschocher","118826",70,"375","6"
"5385","51.3355416101","12.3410069148","Platane","Platanus x acerifolia","Platanus","Bowmanstraße",2022,3,"Lindenau","44334",100,"1200","13"
"5388","51.3353845210","12.3317040645","Kaiser-Linde","Tilia x vulgaris 'Pallida'","Tilia","Schadowstraße",2022,3,"Lindenau","44391",100,"2300","23"
"5619","51.3388117168","12.3983534675","Stadt-Linde","Tilia cordata 'Greenspire'","Tilia","Crusiusstraße",2023,2,"Reudnitz-Thonberg","21829",25,"48","2"
"5620","51.3386752665","12.3983165398","Stadt-Linde","Tilia cordata 'Greenspire'","Tilia","Crusiusstraße",2023,2,"Reudnitz-Thonberg","21831",46,"46","1"
"5621","51.3393489366","12.3986937952","Stadt-Linde","Tilia cordata 'Greenspire'","Tilia","Dresdner Straße",2023,2,"Neustadt-Neuschönefeld","5947",28,"61","3"
"5809","51.3260443697","12.3734489039","Dreilappiger Apfel","Eriolobus trilobatus","Eriolobus","Niederkirchnerstraße",2025,0,"Zentrum-Süd","122362",16,"31","2"
"5971","51.3268109933","12.3760186088","Hopfenbuche","Ostrya carpinifolia","Ostrya","Shakespearestraße",2023,2,"Zentrum-Süd","124240",8,"8","1"
"61469","51.3292190758","12.3072640136","Eingriffliger Weißdorn","Crataegus monogyna","Crataegus","Lindenauer Hafen",2014,11,"Schönau","G20526",60,"420","7"
"6248","51.3141465257","12.4223254254","Stadt-Linde","Tilia cordata 'Greenspire'","Tilia","Kommandant-Prendel-Allee",2023,2,"Stötteritz","25989",20,"70","4"
"6292","51.3473447686","12.3981467350","Säulen-Eiche 'Fastigiata Koster'","Quercus robur 'Fastigiata Koster'","Quercus","Mariannenstraße",2023,2,"Neustadt-Neuschönefeld","8213",20,"40","3"
"6293","51.3473279708","12.3984633615","Säulen-Eiche 'Fastigiata Koster'","Quercus robur 'Fastigiata Koster'","Quercus","Mariannenstraße",2023,2,"Neustadt-Neuschönefeld","8214",10,"10","1"
"6303","51.3469842100","12.4034379428","Säulen-Eiche 'Fastigiata Koster'","Quercus robur 'Fastigiata Koster'","Quercus","Mariannenstraße",2023,2,"Neustadt-Neuschönefeld","8273",30,"65","5"
"6307","51.3465480336","12.4128645951","Säulen-Hainbuche 'Frans Fontaine'","Carpinus betulus 'Frans Fontaine'","Carpinus","Mariannenstraße",2023,2,"Volkmarsdorf","8373",20,"20","1"
"6309","51.3473512931","12.3979465911","Sorte Gemeiner Fliede","Syringa vulgaris 'Mme Florentine Stepman'","Syringa","Mariannenstraße",2023,2,"Neustadt-Neuschönefeld","8212",20,"66","7"
"67416","51.3446580422","12.4038979211","Ess-Kastanie","Castanea sativa","Castanea","Stadtteilpark Rabet",2010,15,"Neustadt-Neuschönefeld","G23795",12,"36","3"
"6812","51.3062870501","12.3988220909","Spitz-Ahorn","Acer platanoides","Acer","An der Märchenwiese (östlicher Teil)",2020,5,"Marienbrunn","G52657",20,"250","23"
"6814","51.3063040987","12.3991157129","Spitz-Ahorn","Acer platanoides","Acer","An der Märchenwiese (östlicher Teil)",2020,5,"Marienbrunn","G52659",120,"320","4"
"68853","51.3575730599","12.4053847558","Holländische Ulme","Ulmus x hollandica","Ulmus","Schönefelder Allee südlich Schwimmhalle",2010,15,"Schönefeld-Abtnaundorf","85580",100,"100","1"
"689063","51.3073944528","12.4124047065","Fichte","Picea species","Picea","Südfriedhof",NULL,NULL,"Probstheida","140095",10,"110","11"
"689079","51.3074009518","12.4125095361","Fichte","Picea species","Picea","Südfriedhof",NULL,NULL,"Probstheida","140081",50,"320","11"
"692147","51.3073867907","12.4126024538","Rhododendron","Rhododendron species","Rhododendron","Südfriedhof",NULL,NULL,"Probstheida","139024",20,"120","11"
"692161","51.3073201354","12.4124878685","Kiefer","Pinus species","Pinus","Südfriedhof",NULL,NULL,"Probstheida","139010",10,"90","9"
"69632","51.3264788979","12.3236436949","Vogel-Kirsche","Prunus avium","Prunus","Gleis-Grün-Zug Bahnhof Plagwitz",2013,12,"Plagwitz","G23346",30,"90","4"
"716252","51.3565396312","12.4063074866","Baumhasel","Corylus colurna","Corylus","Mariannenpark und tw. Ausgleichsfläche B-Plan 128 ""Nordtangente Schönefeld""",NULL,NULL,"Schönefeld-Abtnaundorf","161698",100,"200","2"
"7443","51.3267370258","12.3933059031","Rosskastanie","Aesculus hippocastanum","Aesculus","Friedenspark (Neuer Johannisfriedhof)",2022,3,"Zentrum-Südost","G3084",10,"10","1"
"7451","51.3297417279","12.3931192430","Sand-Birke","Betula pendula","Betula","Friedenspark (Neuer Johannisfriedhof)",2022,3,"Zentrum-Südost","G3204",25,"85","7"
"7673","51.3337693023","12.4021030025","Gemeine Esche","Fraxinus excelsior","Fraxinus","Lene-Voigt-Park",2006,19,"Reudnitz-Thonberg","G152",5,"13","3"
"76750","51.3339476556","12.3277667498","Trauben-Kirsche","Prunus padus","Prunus","Henriettenpark",2002,23,"Lindenau","G1325",80,"340","5"
"7717","51.3337912225","12.4023531510","Rot-Eiche","Quercus rubra","Quercus","Lene-Voigt-Park",2014,11,"Reudnitz-Thonberg","G6826",12,"401","61"
"7721","51.3337515458","12.4020283276","Späte Trauben-Kirsche","Prunus serotina","Prunus","Lene-Voigt-Park",2020,5,"Reudnitz-Thonberg","G6831",12,"421","59"
"7763","51.3341452794","12.3984674433","Hopfenbuche","Ostrya carpinifolia","Ostrya","Lene-Voigt-Park",2015,10,"Reudnitz-Thonberg","G32569",10,"10","1"
"7813","51.3338279528","12.4023303989","Kolchischer Ahorn 'Rubrum'","Acer cappadocicum 'Rubrum'","Acer","Lene-Voigt-Park",2015,10,"Reudnitz-Thonberg","G32620",12,"396","60"
"7833","51.3293277482","12.3087080809","Vogel-Kirsche","Prunus avium","Prunus","Lindenauer Hafen",2015,10,"Schönau","G20487",60,"300","5"
"7834","51.3293840861","12.3086078741","Schwedische Mehlbeere","Sorbus intermedia","Sorbus","Lindenauer Hafen",2015,10,"Schönau","G20488",60,"300","5"
"7835","51.3293444824","12.3085440108","Schwedische Mehlbeere","Sorbus intermedia","Sorbus","Lindenauer Hafen",2015,10,"Schönau","G20492",60,"190","4"
"7836","51.3291823314","12.3083216536","Schwedische Mehlbeere","Sorbus intermedia","Sorbus","Lindenauer Hafen",2015,10,"Schönau","G20509",60,"220","5"
"7839","51.3291103696","12.3080944442","Zerr-Eiche","Quercus cerris","Quercus","Lindenauer Hafen",2022,3,"Schönau","G20515",100,"240","4"
"7840","51.3289573951","12.3077119090","Speierling","Sorbus domestica","Sorbus","Lindenauer Hafen",2014,11,"Schönau","G20516",60,"420","7"
"7841","51.3289981408","12.3076416155","Speierling","Sorbus domestica","Sorbus","Lindenauer Hafen",2014,11,"Schönau","G20517",60,"420","7"
"7842","51.3290534355","12.3075469247","Vogel-Kirsche","Prunus avium","Prunus","Lindenauer Hafen",2014,11,"Schönau","G20518",60,"335","6"
"7843","51.3291680284","12.3073478324","Eingriffliger Weißdorn","Crataegus monogyna","Crataegus","Lindenauer Hafen",2014,11,"Schönau","G20519",60,"300","5"
"7844","51.3295008327","12.3082989728","Winter-Linde","Tilia cordata","Tilia","Lindenauer Hafen",2015,10,"Schönau","G20520",60,"120","2"
"7845","51.3294460118","12.3081913524","Winter-Linde","Tilia cordata","Tilia","Lindenauer Hafen",2015,10,"Schönau","G20521",60,"120","2"
"7846","51.3293874275","12.3080882596","Winter-Linde","Tilia cordata","Tilia","Lindenauer Hafen",2015,10,"Schönau","G20522",60,"120","2"
"7847","51.3291944400","12.3073073784","Eingriffliger Weißdorn","Crataegus monogyna","Crataegus","Lindenauer Hafen",2014,11,"Schönau","G20525",60,"420","7"
"7851","51.3300453163","12.3058545669","Vogel-Kirsche","Prunus avium","Prunus","Lindenauer Hafen",2014,11,"Schönau","G20544",100,"280","4"
"7852","51.3300830649","12.3057947826","Vogel-Kirsche","Prunus avium","Prunus","Lindenauer Hafen",2014,11,"Schönau","G20546",100,"280","4"
"7853","51.3301891050","12.3056149903","Eingriffliger Weißdorn","Crataegus monogyna","Crataegus","Lindenauer Hafen",2014,11,"Schönau","G20556",90,"330","5"
"7854","51.3302608525","12.3054966457","Vogel-Kirsche","Prunus avium","Prunus","Lindenauer Hafen",2014,11,"Schönau","G20557",100,"540","7"
"7856","51.3304516990","12.3053125954","Winter-Linde","Tilia cordata","Tilia","Lindenauer Hafen",2014,11,"Schönau","G20560",100,"160","2"
"7857","51.3304054396","12.3052527130","Vogel-Kirsche","Prunus avium","Prunus","Lindenauer Hafen",2014,11,"Schönau","G20561",100,"530","7"
"7858","51.3305406676","12.3051609365","Winter-Linde","Tilia cordata","Tilia","Lindenauer Hafen",2014,11,"Schönau","G20564",60,"60","1"
"7859","51.3305296650","12.3050385434","Eingriffliger Weißdorn","Crataegus monogyna","Crataegus","Lindenauer Hafen",2014,11,"Schönau","G20565",60,"240","4"
"7860","51.3305981766","12.3050609410","Winter-Linde","Tilia cordata","Tilia","Lindenauer Hafen",2014,11,"Schönau","G20566",60,"60","1"
"7861","51.3305828909","12.3049478439","Vogel-Kirsche","Prunus avium","Prunus","Lindenauer Hafen",2014,11,"Schönau","G20567",60,"180","3"
"7864","51.3306761684","12.3047880347","Speierling","Sorbus domestica","Sorbus","Lindenauer Hafen",2014,11,"Schönau","G20570",40,"40","1"
"7868","51.3308222102","12.3046815519","Winter-Linde","Tilia cordata","Tilia","Lindenauer Hafen",2014,11,"Schönau","G20575",60,"60","1"
"8074","51.3094749749","12.4251254278","Trauben-Eiche","Quercus petraea","Quercus","Park der Freundschaft (Etzoldsche Sandgrube)",2020,5,"Probstheida","G53209",20,"60","3"
"8100","51.3208668122","12.2543794130","Silber-Linde","Tilia tomentosa","Tilia","Park Miltitz",2019,6,"Miltitz","G49717",50,"80","2"
"82129","51.3069505401","12.2923791171","Sand-Birke","Betula pendula","Betula","WG Neubauernsiedlung-Grünverbindung zwischen Rapsweg und Neubauernstraße (3.BA)",2012,13,"Großzschocher","G25820",50,"50","1"
"82130","51.3069861919","12.2925866645","Eberesche","Sorbus aucuparia","Sorbus","WG Neubauernsiedlung-Grünverbindung zwischen Rapsweg und Neubauernstraße (3.BA)",2012,13,"Großzschocher","G25821",50,"50","1"
"82131","51.3069903331","12.2928784341","Eberesche","Sorbus aucuparia","Sorbus","WG Neubauernsiedlung-Grünverbindung zwischen Rapsweg und Neubauernstraße (3.BA)",2012,13,"Großzschocher","G25823",100,"320","4"
"82135","51.3070803171","12.2933313180","Apfelbaum","Malus species","Malus","WG Neubauernsiedlung-Grünverbindung zwischen Rapsweg und Neubauernstraße (3.BA)",2012,13,"Großzschocher","G25827",100,"100","1"
"82136","51.3071206182","12.2934599573","Eberesche","Sorbus aucuparia","Sorbus","WG Neubauernsiedlung-Grünverbindung zwischen Rapsweg und Neubauernstraße (3.BA)",2012,13,"Großzschocher","G25828",100,"100","1"
"82139","51.3072987532","12.2943022705","Stadt-Linde","Tilia cordata 'Greenspire'","Tilia","WG Neubauernsiedlung-Grünverbindung zwischen Rapsweg und Neubauernstraße (3.BA)",2012,13,"Großzschocher","G25831",165,"165","1"
"8392","51.3385857759","12.3986079309","Rotdorn","Crataegus laevigata 'Paul's Scarlet'","Crataegus","Stephaniplatz",2013,12,"Reudnitz-Thonberg","G1840",100,"190","3"
"8393","51.3388998883","12.3989538593","Rotdorn","Crataegus laevigata 'Paul's Scarlet'","Crataegus","Stephaniplatz",2013,12,"Reudnitz-Thonberg","G1841",80,"160","3"
"8627","51.3069976683","12.2927172872","Japanischer Schnurbaum","Sophora japonica","Sophora","WG Neubauernsiedlung-Grünverbindung zwischen Rapsweg und Neubauernstraße (3.BA)",2012,13,"Großzschocher","G25822",100,"100","1"
"8780","51.3446015248","12.3184908163","Hainbuche","Carpinus betulus","Carpinus","Spielplatz zwischen Georg-Schwarz-Straße und Pufendorfstraße (B-Plan 69.3 ""Rosenmüllerstraße"")",2017,8,"Leutzsch","G43656",90,"355","6"
"8781","51.3445344819","12.3185167042","Walnuss","Juglans regia","Juglans","Spielplatz zwischen Georg-Schwarz-Straße und Pufendorfstraße (B-Plan 69.3 ""Rosenmüllerstraße"")",2017,8,"Leutzsch","G43657",90,"365","6"
"8783","51.3447138969","12.3182096659","Berg-Ahorn","Acer pseudoplatanus","Acer","Spielplatz zwischen Georg-Schwarz-Straße und Pufendorfstraße (B-Plan 69.3 ""Rosenmüllerstraße"")",2017,8,"Leutzsch","G43661",40,"100","3"
"8841","51.3521322927","12.3743903174","Hänge-Silber-Linde","Tilia tomentosa 'Petiolaris'","Tilia","Nordplatz",2011,14,"Zentrum-Nord","G271",60,"119","3"
"8847","51.3519771918","12.3742680506","Vielblütiger Apfel","Malus floribunda","Malus","Nordplatz",2020,5,"Zentrum-Nord","G47396",60,"120","3"
"89909","51.3303281114","12.3053825840","Zerr-Eiche","Quercus cerris","Quercus","Lindenauer Hafen",2022,3,"Schönau","G20558",100,"610","8"
"89937","51.3249039565","12.3225750891","Bienenbaum","Tetradium daniellii","Tetradium","Gleis-Grün-Zug Bahnhof Plagwitz",2022,3,"Plagwitz","136768",45,"135","3"
"89966","51.3292294478","12.3077450716","Stadt-Linde","Tilia cordata 'Greenspire'","Tilia","Lindenauer Hafen",2023,2,"Schönau","124852",60,"60","1"
"89988","51.3149517620","12.2797291882","Platane","Platanus x acerifolia","Platanus","WG Grünau WK 4-Kiewer Straße (O-Seite) von Ratzelstraße bis DB",2022,3,"Grünau-Mitte","90088",100,"100","1"
"90144","51.3292677679","12.3087594017","Schwedische Mehlbeere","Sorbus intermedia","Sorbus","Lindenauer Hafen",2015,10,"Schönau","G20486",60,"360","6"
"90145","51.3294270072","12.3086204340","Schwedische Mehlbeere","Sorbus intermedia","Sorbus","Lindenauer Hafen",2015,10,"Schönau","G20489",60,"300","5"
"90146","51.3294179970","12.3085649714","Schwedische Mehlbeere","Sorbus intermedia","Sorbus","Lindenauer Hafen",2015,10,"Schönau","G20490",80,"320","5"
"90147","51.3293431073","12.3083746846","Schwedische Mehlbeere","Sorbus intermedia","Sorbus","Lindenauer Hafen",2015,10,"Schönau","G20494",60,"240","4"
"90148","51.3293032242","12.3083260558","Schwedische Mehlbeere","Sorbus intermedia","Sorbus","Lindenauer Hafen",2015,10,"Schönau","G20495",60,"250","5"
"90149","51.3293000075","12.3084052049","Schwedische Mehlbeere","Sorbus intermedia","Sorbus","Lindenauer Hafen",2015,10,"Schönau","G20496",60,"180","3"
"90150","51.3292859664","12.3085455726","Vogel-Kirsche","Prunus avium","Prunus","Lindenauer Hafen",2015,10,"Schönau","G20498",60,"240","4"
"90151","51.3292361377","12.3086824376","Schwedische Mehlbeere","Sorbus intermedia","Sorbus","Lindenauer Hafen",2015,10,"Schönau","G20499",60,"350","6"
"90153","51.3291725463","12.3086784104","Schwedische Mehlbeere","Sorbus intermedia","Sorbus","Lindenauer Hafen",2015,10,"Schönau","G20501",100,"390","6"
"90154","51.3292054066","12.3086328418","Schwedische Mehlbeere","Sorbus intermedia","Sorbus","Lindenauer Hafen",2015,10,"Schönau","G20502",60,"410","9"
"90155","51.3291752390","12.3085764654","Schwedische Mehlbeere","Sorbus intermedia","Sorbus","Lindenauer Hafen",2015,10,"Schönau","G20503",60,"290","5"
"90157","51.3292114120","12.3083581380","Schwedische Mehlbeere","Sorbus intermedia","Sorbus","Lindenauer Hafen",2015,10,"Schönau","G20507",60,"250","5"
"90158","51.3292032840","12.3082667329","Schwedische Mehlbeere","Sorbus intermedia","Sorbus","Lindenauer Hafen",2015,10,"Schönau","G20508",60,"240","4"
"90159","51.3291532967","12.3082558795","Schwedische Mehlbeere","Sorbus intermedia","Sorbus","Lindenauer Hafen",2015,10,"Schönau","G20512",60,"310","6"
"90160","51.3291720557","12.3082072605","Schwedische Mehlbeere","Sorbus intermedia","Sorbus","Lindenauer Hafen",2015,10,"Schönau","G20513",60,"790","16"
"90161","51.3291421600","12.3081705369","Schwedische Mehlbeere","Sorbus intermedia","Sorbus","Lindenauer Hafen",2015,10,"Schönau","G20514",100,"280","4"
"90162","51.3292698868","12.3078776462","Winter-Linde","Tilia cordata","Tilia","Lindenauer Hafen",2015,10,"Schönau","G20524",60,"120","2"
"90221","51.3209434309","12.2544872066","Dreiblättriger Lederstrauch","Ptelea trifoliata","Ptelea","Park Miltitz",2020,5,"Miltitz","G49716",25,"25","1"
"90376","51.3249172741","12.2905412836","Stiel-Eiche","Quercus robur","Quercus","WG Grünau WK 5.1-Garskestraße/Lützner Straße/Schönauer Straße",2020,5,"Schönau","45836",75,"75","1"
"90377","51.3252171102","12.2901016268","Stiel-Eiche","Quercus robur","Quercus","WG Grünau WK 5.1-Garskestraße/Lützner Straße/Schönauer Straße",2020,5,"Schönau","G56404",75,"75","1"
"90378","51.3252773494","12.2899959829","Stiel-Eiche","Quercus robur","Quercus","WG Grünau WK 5.1-Garskestraße/Lützner Straße/Schönauer Straße",2020,5,"Schönau","78021",75,"75","1"
"90379","51.3251547102","12.2902060366","Stiel-Eiche","Quercus robur","Quercus","WG Grünau WK 5.1-Garskestraße/Lützner Straße/Schönauer Straße",2020,5,"Schönau","78023",75,"75","1"
"9038","51.3144348305","12.3278356581","Haus-Apfel 'Topaz'","Malus domestica 'Topaz'","Malus","Volkspark Kleinzschocher",2020,5,"Kleinzschocher","G89",10,"20","2"
"90380","51.3250430020","12.2903909429","Stiel-Eiche","Quercus robur","Quercus","WG Grünau WK 5.1-Garskestraße/Lützner Straße/Schönauer Straße",2020,5,"Schönau","78025",75,"75","1"
"90381","51.3249856343","12.2904732759","Stiel-Eiche","Quercus robur","Quercus","WG Grünau WK 5.1-Garskestraße/Lützner Straße/Schönauer Straße",2020,5,"Schönau","78026",75,"75","1"
"90382","51.3248423384","12.2905831354","Stiel-Eiche","Quercus robur","Quercus","WG Grünau WK 5.1-Garskestraße/Lützner Straße/Schönauer Straße",2020,5,"Schönau","78028",75,"75","1"
"90475","51.3239961268","12.2919641279","Stadt-Linde","Tilia cordata 'Greenspire'","Tilia","WG Grünau WK 3-Lützner Straße/Schönauer Straße",2022,3,"Grünau-Ost","G52045",150,"150","1"
"90476","51.3239730715","12.2921669646","Brabanter Silber-Linde","Tilia tomentosa 'Brabant'","Tilia","WG Grünau WK 3-Lützner Straße/Schönauer Straße",2022,3,"Grünau-Ost","85289",50,"50","1"
"90477","51.3239214110","12.2921086897","Brabanter Silber-Linde","Tilia tomentosa 'Brabant'","Tilia","WG Grünau WK 3-Lützner Straße/Schönauer Straße",2022,3,"Grünau-Ost","85290",50,"50","1"
"90478","51.3238712730","12.2920503252","Brabanter Silber-Linde","Tilia tomentosa 'Brabant'","Tilia","WG Grünau WK 3-Lützner Straße/Schönauer Straße",2022,3,"Grünau-Ost","85291",50,"50","1"
"90479","51.3238243262","12.2919980993","Brabanter Silber-Linde","Tilia tomentosa 'Brabant'","Tilia","WG Grünau WK 3-Lützner Straße/Schönauer Straße",2022,3,"Grünau-Ost","85292",50,"50","1"
"90599","51.3423338004","12.4169522635","Vogel-Kirsche","Prunus avium","Prunus","""Lichter Hain""-Wurzner Straße Baulückenbegrünung",2022,3,"Volkmarsdorf","93579",60,"60","1"
"9092","51.3145304320","12.3276699342","Silber-Linde","Tilia tomentosa","Tilia","Volkspark Kleinzschocher",2015,10,"Kleinzschocher","G1136",50,"110","3"
"91081","51.3292711231","12.3073214038","Stadt-Linde","Tilia cordata 'Greenspire'","Tilia","Lindenauer Hafen",2023,2,"Schönau","G20529",60,"100","2"
"94231","51.3293890613","12.3084878493","Schwedische Mehlbeere","Sorbus intermedia","Sorbus","Lindenauer Hafen",2015,10,"Schönau","G20491",60,"240","5"
"94232","51.3293667938","12.3084347427","Schwedische Mehlbeere","Sorbus intermedia","Sorbus","Lindenauer Hafen",2015,10,"Schönau","G20493",60,"240","4"
"94233","51.3293236652","12.3084600963","Schwedische Mehlbeere","Sorbus intermedia","Sorbus","Lindenauer Hafen",2015,10,"Schönau","G20497",60,"240","4"
"94234","51.3292543028","12.3082442189","Vogel-Kirsche","Prunus avium","Prunus","Lindenauer Hafen",2015,10,"Schönau","G20506",60,"310","6"
"94237","51.3293262159","12.3079804399","Winter-Linde","Tilia cordata","Tilia","Lindenauer Hafen",2015,10,"Schönau","G20523",60,"120","2"
"94291","51.3287083076","12.3094939103","Feld-Ahorn","Acer campestre","Acer","Lindenauer Hafen",2015,10,"Schönau","G34087",80,"80","1"
"94793","51.3214735149","12.2558816237","Rosskastanie","Aesculus hippocastanum","Aesculus","Park Miltitz",2010,15,"Miltitz","G51424",50,"90","2"
"94845","51.3222554252","12.3212216570","Walnuss","Juglans regia","Juglans","Gleis-Grün-Zug Bahnhof Plagwitz",2016,9,"Plagwitz","G42168",100,"300","3"
"94861","51.3216252061","12.3208523179","Haus-Apfel  'Weißer Winter-Calville'","Malus domestica 'Weißer Winter-Calville'","Malus","Gleis-Grün-Zug Bahnhof Plagwitz",2020,5,"Plagwitz","G42191",100,"300","3"
"94862","51.3217399292","12.3209683569","Haus-Pflaume 'Bühler Frühzwetschge'","Prunus domestica 'Bühler Frühzwetschge'","Prunus","Gleis-Grün-Zug Bahnhof Plagwitz",2016,9,"Plagwitz","G42194",100,"300","3"
"94863","51.3217737776","12.3210325561","Haus-Pflaume 'Ontariopflaume'","Prunus domestica 'Ontariopflaume'","Prunus","Gleis-Grün-Zug Bahnhof Plagwitz",2016,9,"Plagwitz","G42195",100,"300","3"
"94864","51.3218001315","12.3209697277","Haus-Pflaume 'Hauszwetschge'","Prunus domestica 'Hauszwetschge'","Prunus","Gleis-Grün-Zug Bahnhof Plagwitz",2016,9,"Plagwitz","G42196",100,"300","3"
"94865","51.3226087272","12.3217173879","Mispel","Mespilus germanica","Mespilus","Gleis-Grün-Zug Bahnhof Plagwitz",2016,9,"Plagwitz","G42208",100,"500","5"
"94866","51.3226588450","12.3215374773","Walnuss","Juglans regia","Juglans","Gleis-Grün-Zug Bahnhof Plagwitz",2016,9,"Plagwitz","G42209",100,"500","5"
"94867","51.3225865086","12.3214696348","Walnuss","Juglans regia","Juglans","Gleis-Grün-Zug Bahnhof Plagwitz",2016,9,"Plagwitz","G42210",100,"500","5"
"94868","51.3226611504","12.3213513102","Walnuss","Juglans regia","Juglans","Gleis-Grün-Zug Bahnhof Plagwitz",2016,9,"Plagwitz","G42211",100,"450","5"
"9551","51.3288050301","12.4190562693","Strauch - Rosskastanie","Aesculus parviflora","Aesculus","Ostfriedhof",2008,17,"Anger-Crottendorf","G43733",50,"50","1"
"9555","51.3289357223","12.4194075429",NULL,"Rhododendron 'Old Port'","Rhododendron","Ostfriedhof",2010,15,"Anger-Crottendorf","G43737",30,"30","1"
"9664","51.3111221060","12.4080102903","Rotdorn","Crataegus laevigata 'Paul's Scarlet'","Crataegus","Südfriedhof",2005,20,"Probstheida","G43154",15,"180","16"
"97038","51.3253870063","12.2898145988","Stiel-Eiche","Quercus robur","Quercus","WG Grünau WK 5.1-Garskestraße/Lützner Straße/Schönauer Straße",2020,5,"Schönau","68683",75,"75","1"
"97039","51.3256537126","12.2894912300","Stiel-Eiche","Quercus robur","Quercus","WG Grünau WK 5.1-Garskestraße/Lützner Straße/Schönauer Straße",2020,5,"Schönau","78015",75,"75","1"
"97040","51.3255728924","12.2895735876","Stiel-Eiche","Quercus robur","Quercus","WG Grünau WK 5.1-Garskestraße/Lützner Straße/Schönauer Straße",2020,5,"Schönau","78016",75,"75","1"
"97041","51.3255128610","12.2896329389","Stiel-Eiche","Quercus robur","Quercus","WG Grünau WK 5.1-Garskestraße/Lützner Straße/Schönauer Straße",2020,5,"Schönau","78017",75,"75","1"
"97043","51.3254445004","12.2897193252","Stiel-Eiche","Quercus robur","Quercus","WG Grünau WK 5.1-Garskestraße/Lützner Straße/Schönauer Straße",2020,5,"Schönau","78018",75,"75","1"
"97044","51.3253344650","12.2899027740","Stiel-Eiche","Quercus robur","Quercus","WG Grünau WK 5.1-Garskestraße/Lützner Straße/Schönauer Straße",2020,5,"Schönau","78020",75,"75","1"
"id-10249","51.3295222090","12.3685243023","Platane","Platanus x acerifolia","Platanus","Grassistraße",2017,8,"Zentrum-Süd","37009",150,"540","4"
"id-10283","51.3293662506","12.3713383226","Platane","Platanus x acerifolia","Platanus","Floßplatz",2015,10,"Zentrum-Süd","38875",5,"5","1"
"id-10495","51.3319263904","12.3413377841","Rosskastanie","Aesculus hippocastanum","Aesculus","Erich-Zeigner-Allee",1940,85,"Plagwitz","40235",10,"40","4"
"id-10496","51.3317938181","12.3412506994","Linde","Tilia species","Tilia","Erich-Zeigner-Allee",1940,85,"Plagwitz","40237",10,"50","5"
"id-12293","51.3619709436","12.2898224223","Rotdorn","Crataegus laevigata 'Paul's Scarlet'","Crataegus","Zur Sägemühle",1998,27,"Böhlitz-Ehrenberg","57649",80,"80","1"
"id-12585","51.3352365671","12.3318672105","Chinesische Wildbirne 'Chanticleer'","Pyrus calleryana 'Chanticleer'","Pyrus","Schadowstraße",2000,25,"Lindenau","44390",100,"2300","23"
"id-12589","51.3352269978","12.3317511587","Chinesische Wildbirne 'Chanticleer'","Pyrus calleryana 'Chanticleer'","Pyrus","Schadowstraße",2000,25,"Lindenau","44386",100,"2300","23"
"id-12835","51.3369280103","12.3372747755","Säulen-Hainbuche 'Frans Fontaine'","Carpinus betulus 'Frans Fontaine'","Carpinus","Kuhturmstraße",2012,13,"Altlindenau","55016",9,"9","1"
"id-13009","51.3463741893","12.3169733419","Amberbaum 'Paarl'","Liquidambar styraciflua 'Paarl'","Liquidambar","Landwaisenhausstraße",2019,6,"Leutzsch","75403",25,"50","2"
"id-13050","51.3415715762","12.3367954461","Blumen-Esche","Fraxinus ornus","Fraxinus","Erich-Köhn-Straße",2019,6,"Altlindenau","54978",40,"230","12"
"id-13063","51.3415829795","12.3370120555","Blumen-Esche","Fraxinus ornus","Fraxinus","Erich-Köhn-Straße",2019,6,"Altlindenau","54959",25,"210","14"
"id-13093","51.3414582970","12.3302033477","Blut-Ahorn 'Deborah'","Acer platanoides 'Deborah'","Acer","Friesenstraße",2011,14,"Altlindenau","54924",60,"60","1"
"id-13234","51.3321621924","12.3411466807","Rosskastanie","Aesculus hippocastanum","Aesculus","Erich-Zeigner-Allee",1940,85,"Plagwitz","40221",10,"40","4"
"id-13235","51.3318241945","12.3411269051","Rosskastanie","Aesculus hippocastanum","Aesculus","Erich-Zeigner-Allee",1940,85,"Plagwitz","40222",10,"50","5"
"id-14260","51.3339720791","12.3582126073","Holländische Linde","Tilia x vulgaris","Tilia","Ferdinand-Lassalle-Straße",2018,7,"Zentrum-West","37642",30,"60","3"
"id-14316","51.3348433079","12.3571394135","Chinesische Wildbirne 'Chanticleer'","Pyrus calleryana 'Chanticleer'","Pyrus","Sebastian-Bach-Straße",1998,27,"Zentrum-West","38611",25,"113","8"
"id-14464","51.3325101823","12.3653879212","Platane","Platanus x acerifolia","Platanus","Ferdinand-Rhode-Straße",2017,8,"Zentrum-Süd","37246",20,"30","2"
"id-14584","51.3320693245","12.3681160924","Platane","Platanus x acerifolia","Platanus","Beethovenstraße",2014,11,"Zentrum-Süd","38761",20,"40","2"
"id-15727","51.3417487689","12.3578683627","Stadt-Linde","Tilia cordata 'Greenspire'","Tilia","Jahnallee",2015,10,"Zentrum-West","35890",24,"24","1"
"id-16073","51.3434149493","12.3593964105","Winter-Linde 'Rancho'","Tilia cordata 'Rancho'","Tilia","Gustav-Adolf-Straße",2004,21,"Zentrum-Nordwest","54282",10,"80","8"
"id-16075","51.3433708287","12.3591908602","Winter-Linde 'Rancho'","Tilia cordata 'Rancho'","Tilia","Gustav-Adolf-Straße",2004,21,"Zentrum-Nordwest","54283",10,"10","1"
"id-16128","51.3480402594","12.3716598400","Stadt-Linde","Tilia cordata 'Greenspire'","Tilia","Parthenstraße",2011,14,"Zentrum-Nord","12945",80,"140","2"
"id-16151","51.3438356361","12.3674928738","Stadt-Linde","Tilia cordata 'Greenspire'","Tilia","Ranstädter Steinweg",2019,6,"Zentrum-Nordwest","446",70,"70","1"
"id-16152","51.3438800237","12.3677189545","Stadt-Linde","Tilia cordata 'Greenspire'","Tilia","Ranstädter Steinweg",2020,5,"Zentrum-Nordwest","445",15,"15","1"
"id-17639","51.3705286581","12.3649693381","Spitz-Ahorn 'Farlake´s Green'","Acer platanoides 'Farlake´s Green'","Acer","Landsberger Straße",2017,8,"Gohlis-Mitte","60023",90,"260","3"
"id-17651","51.3672064154","12.3716708127","Linde","Tilia species","Tilia","Coppistraße",1903,122,"Gohlis-Mitte","58795",25,"25","1"
"id-17827","51.3703491796","12.3648273338","Spitz-Ahorn","Acer platanoides","Acer","Landsberger Straße",2017,8,"Gohlis-Mitte","60038",85,"330","4"
"id-18196","51.2866748498","12.4059923966","Stadt-Linde","Tilia cordata 'Greenspire'","Tilia","Leinestraße",2015,10,"Dölitz-Dösen","34680",30,"220","8"
"id-18850","51.2967427549","12.3855478615","Stadt-Linde","Tilia cordata 'Greenspire'","Tilia","Bornaische Straße",2013,12,"Lößnig","33134",22,"22","1"
"id-18859","51.2961133072","12.3857674098","Stadt-Linde","Tilia cordata 'Greenspire'","Tilia","Bornaische Straße",2013,12,"Lößnig","33143",108,"193","2"
"id-18874","51.2963497757","12.3858848058","Stadt-Linde","Tilia cordata 'Greenspire'","Tilia","Bornaische Straße",2013,12,"Lößnig","33151",114,"114","1"
"id-19748","51.3034871803","12.3937838375","Baumhasel","Corylus colurna","Corylus","Probstheidaer Straße",2011,14,"Marienbrunn","32896",10,"30","3"
"id-19753","51.3035080157","12.3940894214","Baumhasel","Corylus colurna","Corylus","Probstheidaer Straße",2011,14,"Marienbrunn","32900",10,"30","3"
"id-1990","51.3202712071","12.2546792313","Spitz-Ahorn","Acer platanoides","Acer","Auenweg",2012,13,"Miltitz","51968",50,"100","2"
"id-1992","51.3202547417","12.2545371075","Spitz-Ahorn","Acer platanoides","Acer","Auenweg",2012,13,"Miltitz","51969",50,"100","2"
"id-1994","51.3202287262","12.2543981382","Spitz-Ahorn","Acer platanoides","Acer","Auenweg",2012,13,"Miltitz","51970",50,"100","2"
"id-1996","51.3202042040","12.2542844859","Spitz-Ahorn","Acer platanoides","Acer","Auenweg",2012,13,"Miltitz","51971",50,"100","2"
"id-2041","51.3203119042","12.2550146889","Spitz-Ahorn","Acer platanoides","Acer","Auenweg",2012,13,"Miltitz","51966",50,"100","2"
"id-2093","51.3066729347","12.2948507999","Stadt-Linde","Tilia cordata 'Greenspire'","Tilia","Rapsweg",2004,21,"Großzschocher","51612",110,"430","6"
"id-21435","51.3197235815","12.3828073055","Säulen-Ahorn","Acer platanoides 'Columnare'","Acer","Altenburger Straße",2018,7,"Südvorstadt","30650",20,"172","9"
"id-21562","51.3203749248","12.3820991866","Stadt-Linde","Tilia cordata 'Greenspire'","Tilia","Kurt-Eisner-Straße",2010,15,"Südvorstadt","31584",3,"4","2"
"id-21564","51.3203715416","12.3822414791","Stadt-Linde","Tilia cordata 'Greenspire'","Tilia","Kurt-Eisner-Straße",2010,15,"Südvorstadt","31585",1,"1","1"
"id-21566","51.3203703072","12.3824074759","Stadt-Linde","Tilia cordata 'Greenspire'","Tilia","Kurt-Eisner-Straße",2010,15,"Südvorstadt","31586",1,"2","2"
"id-21567","51.3203697334","12.3825788894","Stadt-Linde","Tilia cordata 'Greenspire'","Tilia","Kurt-Eisner-Straße",2010,15,"Südvorstadt","31587",3,"9","5"
"id-22323","51.3306097561","12.3737178659","Platane","Platanus x acerifolia","Platanus","Karl-Liebknecht-Straße",2015,10,"Zentrum-Süd","34280",20,"20","1"
"id-22324","51.3315898778","12.3736434569","Platane","Platanus x acerifolia","Platanus","Karl-Liebknecht-Straße",2015,10,"Zentrum-Süd","34257",55,"165","6"
"id-22332","51.3317029557","12.3736484778","Platane","Platanus x acerifolia","Platanus","Karl-Liebknecht-Straße",2015,10,"Zentrum-Süd","34255",60,"155","4"
"id-23292","51.3263332573","12.4000907866","Platane","Platanus x acerifolia","Platanus","Prager Straße",2011,14,"Reudnitz-Thonberg","21322",20,"50","3"
"id-25434","51.3140223384","12.4221221408","Stadt-Linde","Tilia cordata 'Greenspire'","Tilia","Kommandant-Prendel-Allee",2018,7,"Stötteritz","25991",20,"45","3"
"id-25693","51.3218108605","12.4158240173","Apfel-Dorn","Crataegus x lavallei","Crataegus","Weißestraße",2016,9,"Stötteritz","25341",90,"780","13"
"id-25787","51.3220112060","12.4197972595","Rotdorn","Crataegus laevigata 'Paul's Scarlet'","Crataegus","Weißestraße",2000,25,"Stötteritz","25396",30,"60","2"
"id-25909","51.3241206554","12.4157364721","Chinesische Wildbirne 'Chanticleer'","Pyrus calleryana 'Chanticleer'","Pyrus","Schwarzackerstraße",2001,24,"Stötteritz","26173",25,"101","6"
"id-25910","51.3240544485","12.4157726367","Chinesische Wildbirne 'Chanticleer'","Pyrus calleryana 'Chanticleer'","Pyrus","Schwarzackerstraße",2001,24,"Stötteritz","26172",10,"10","1"
"id-2595","51.3163903001","12.2637021471","Herbst-Flammen-Ahorn","Acer x  freemanii 'Autumn Blaze'","Acer","Lützner Straße",2018,7,"Lausen-Grünau","43866",150,"150","1"
"id-2596","51.3163689621","12.2635781196","Herbst-Flammen-Ahorn","Acer x  freemanii 'Autumn Blaze'","Acer","Lützner Straße",2018,7,"Lausen-Grünau","43867",150,"150","1"
"id-2599","51.3162666195","12.2629670541","Herbst-Flammen-Ahorn","Acer x  freemanii 'Autumn Blaze'","Acer","Lützner Straße",2018,7,"Lausen-Grünau","43874",200,"200","1"
"id-2663","51.3217494030","12.2559521355","Winter-Linde 'Rancho'","Tilia cordata 'Rancho'","Tilia","Geschwister-Scholl-Straße",2010,15,"Miltitz","52084",50,"100","2"
"id-27692","51.3328296250","12.3734834179","Ungarische Eiche","Quercus frainetto","Quercus","Peterssteinweg",2015,10,"Zentrum-Süd","38860",100,"569","8"
"id-27693","51.3323871844","12.3730294685","Säulen-Hainbuche 'Frans Fontaine'","Carpinus betulus 'Frans Fontaine'","Carpinus","Münzgasse",2002,23,"Zentrum-Süd","38863",70,"70","1"
"id-27695","51.3317740340","12.3724312396","Säulen-Hainbuche 'Frans Fontaine'","Carpinus betulus 'Frans Fontaine'","Carpinus","Münzgasse",2002,23,"Zentrum-Süd","38865",35,"35","1"
"id-27696","51.3316132900","12.3722860954","Säulen-Hainbuche 'Frans Fontaine'","Carpinus betulus 'Frans Fontaine'","Carpinus","Münzgasse",2002,23,"Zentrum-Süd","38866",35,"35","1"
"id-27698","51.3315112323","12.3722030632","Säulen-Hainbuche 'Frans Fontaine'","Carpinus betulus 'Frans Fontaine'","Carpinus","Münzgasse",2002,23,"Zentrum-Süd","38867",35,"35","1"
"id-27707","51.3316928907","12.3738332545","Platane","Platanus x acerifolia","Platanus","Karl-Liebknecht-Straße",2015,10,"Zentrum-Süd","38861",55,"85","3"
"id-27726","51.3307560643","12.3737407997","Platane","Platanus x acerifolia","Platanus","Karl-Liebknecht-Straße",2015,10,"Zentrum-Süd","34279",100,"100","1"
"id-27728","51.3309047305","12.3737646038","Platane","Platanus x acerifolia","Platanus","Karl-Liebknecht-Straße",2015,10,"Zentrum-Süd","34277",60,"100","3"
"id-27729","51.3314071419","12.3738248956","Platane","Platanus x acerifolia","Platanus","Karl-Liebknecht-Straße",2015,10,"Zentrum-Süd","34274",60,"210","4"
"id-27730","51.3314420916","12.3736348211","Platane","Platanus x acerifolia","Platanus","Karl-Liebknecht-Straße",2015,10,"Zentrum-Süd","34273",50,"135","3"
"id-27731","51.3310358974","12.3735937243","Platane","Platanus x acerifolia","Platanus","Karl-Liebknecht-Straße",2015,10,"Zentrum-Süd","34271",100,"100","1"
"id-27766","51.3315560060","12.3738334704","Platane","Platanus x acerifolia","Platanus","Karl-Liebknecht-Straße",2015,10,"Zentrum-Süd","38862",35,"85","4"
"id-28274","51.3340409838","12.3983650802","Ulme Rebona","Ulmus 'Rebona'","Ulmus","Eilenburger Straße",2018,7,"Reudnitz-Thonberg","22427",8,"8","1"
"id-28276","51.3340193386","12.3984992201","Ulme Rebona","Ulmus 'Rebona'","Ulmus","Eilenburger Straße",2018,7,"Reudnitz-Thonberg","22428",8,"8","1"
"id-28282","51.3340966120","12.3977669565","Rosskastanie","Aesculus hippocastanum","Aesculus","Eilenburger Straße",1970,55,"Reudnitz-Thonberg","22422",120,"240","2"
"id-28432","51.3337232664","12.3970911861","Gefülltblühende Rosskastanie","Aesculus hippocastanum 'Baumannii'","Aesculus","Johannisallee",2003,22,"Reudnitz-Thonberg","22376",80,"80","1"
"id-28442","51.3337374647","12.3968600848","Gefülltblühende Rosskastanie","Aesculus hippocastanum 'Baumannii'","Aesculus","Johannisallee",2010,15,"Reudnitz-Thonberg","22369",7,"7","1"
"id-28473","51.3342026142","12.4019278689","Gefülltblühende Rosskastanie","Aesculus hippocastanum 'Baumannii'","Aesculus","Reichpietschstraße",1999,26,"Reudnitz-Thonberg","22203",15,"390","62"
"id-28474","51.3341801195","12.4020692731","Berg-Ahorn","Acer pseudoplatanus","Acer","Reichpietschstraße",1960,65,"Reudnitz-Thonberg","22204",10,"366","60"
"id-28475","51.3341492805","12.4022278041","Berg-Ahorn","Acer pseudoplatanus","Acer","Reichpietschstraße",1960,65,"Reudnitz-Thonberg","22205",10,"390","65"
"id-28476","51.3341193205","12.4023854236","Berg-Ahorn","Acer pseudoplatanus","Acer","Reichpietschstraße",1960,65,"Reudnitz-Thonberg","22206",10,"389","65"
"id-28810","51.3385393583","12.3982797252","Stadt-Linde","Tilia cordata 'Greenspire'","Tilia","Crusiusstraße",2010,15,"Reudnitz-Thonberg","21833",80,"80","1"
"id-28883","51.3392017616","12.4003280408","Stadt-Linde","Tilia cordata 'Greenspire'","Tilia","Dresdner Straße",2018,7,"Reudnitz-Thonberg","5958",10,"10","1"
"id-29022","51.3390844281","12.3984269034","Stadt-Linde","Tilia cordata 'Greenspire'","Tilia","Crusiusstraße",2018,7,"Reudnitz-Thonberg","21825",80,"314","8"
"id-29026","51.3389489723","12.3983902062","Stadt-Linde","Tilia cordata 'Greenspire'","Tilia","Crusiusstraße",2018,7,"Reudnitz-Thonberg","21827",100,"276","6"
"id-29041","51.3391638119","12.3989030139","Stadt-Linde","Tilia cordata 'Greenspire'","Tilia","Dresdner Straße",2018,7,"Reudnitz-Thonberg","5938",88,"168","3"
"id-29076","51.3479898690","12.3718310494","Stadt-Linde","Tilia cordata 'Greenspire'","Tilia","Parthenstraße",2015,10,"Zentrum-Nord","12943",80,"195","3"
"id-29080","51.3481479178","12.3718441199","Stadt-Linde","Tilia cordata 'Greenspire'","Tilia","Parthenstraße",2015,10,"Zentrum-Nord","12927",60,"180","3"
"id-29099","51.3477559695","12.3730179874","Stadt-Linde","Tilia cordata 'Greenspire'","Tilia","Parthenstraße",2012,13,"Zentrum-Nord","12930",90,"300","7"
"id-29122","51.3480181693","12.3717415328","Stadt-Linde","Tilia cordata 'Greenspire'","Tilia","Parthenstraße",2011,14,"Zentrum-Nord","12944",80,"195","3"
"id-29301","51.3493740946","12.3722697237","Platane","Platanus x acerifolia","Platanus","Pfaffendorfer Straße",1997,28,"Zentrum-Nord","13146",10,"110","20"
"id-29584","51.3423897920","12.3948586488","Amur-Traubenkirsche  'Amber Beauty'","Prunus maackii 'Amber Beauty'","Prunus","Ludwig-Erhard-Straße",2020,5,"Zentrum-Ost","9404",26,"26","1"
"id-29696","51.3449862545","12.4000486693","Gefülltblühende Rosskastanie","Aesculus hippocastanum 'Baumannii'","Aesculus","Lorenzstraße",2018,7,"Neustadt-Neuschönefeld","41589",120,"370","4"
"id-29875","51.3460122040","12.3959212481","Säulen-Hainbuche 'Frans Fontaine'","Carpinus betulus 'Frans Fontaine'","Carpinus","Eisenbahnstraße",2015,10,"Neustadt-Neuschönefeld","8757",44,"44","1"
"id-29918","51.3472942914","12.3972960682","Robinie 'Sandraudiga'","Robinia pseudoacacia 'Sandraudiga'","Robinia","Rosa-Luxemburg-Straße",2018,7,"Neustadt-Neuschönefeld","9169",20,"70","6"
"id-29919","51.3473258698","12.3973814549","Robinie 'Sandraudiga'","Robinia pseudoacacia 'Sandraudiga'","Robinia","Rosa-Luxemburg-Straße",2018,7,"Neustadt-Neuschönefeld","9170",40,"145","10"
"id-29920","51.3473525731","12.3974579264","Robinie 'Sandraudiga'","Robinia pseudoacacia 'Sandraudiga'","Robinia","Rosa-Luxemburg-Straße",2018,7,"Neustadt-Neuschönefeld","9171",60,"240","10"
"id-29921","51.3474371560","12.3976781835","Robinie 'Sandraudiga'","Robinia pseudoacacia 'Sandraudiga'","Robinia","Rosa-Luxemburg-Straße",2018,7,"Neustadt-Neuschönefeld","9172",60,"235","10"
"id-29922","51.3474827426","12.3977949475","Robinie 'Sandraudiga'","Robinia pseudoacacia 'Sandraudiga'","Robinia","Rosa-Luxemburg-Straße",2018,7,"Neustadt-Neuschönefeld","9173",40,"120","8"
"id-29923","51.3475202508","12.3978922064","Robinie 'Sandraudiga'","Robinia pseudoacacia 'Sandraudiga'","Robinia","Rosa-Luxemburg-Straße",2018,7,"Neustadt-Neuschönefeld","9174",20,"60","5"
"id-29935","51.3469901754","12.3976508097","Zierkirsche","Prunus x schmittii","Prunus","Bussestraße",2003,22,"Neustadt-Neuschönefeld","9561",20,"20","1"
"id-29936","51.3469968327","12.3975295060","Zierkirsche","Prunus x schmittii","Prunus","Bussestraße",2008,17,"Neustadt-Neuschönefeld","9563",20,"110","8"
"id-30016","51.3478161169","12.3993599001","Chinesische Wildbirne 'Chanticleer'","Pyrus calleryana 'Chanticleer'","Pyrus","Meißner Straße",2013,12,"Neustadt-Neuschönefeld","8109",30,"70","4"
"id-30020","51.3477912199","12.3998343960","Chinesische Wildbirne 'Chanticleer'","Pyrus calleryana 'Chanticleer'","Pyrus","Meißner Straße",2013,12,"Neustadt-Neuschönefeld","8111",30,"70","4"
"id-30023","51.3473148754","12.3975018563","Säulen-Hainbuche 'Frans Fontaine'","Carpinus betulus 'Frans Fontaine'","Carpinus","Mariannenstraße",2018,7,"Neustadt-Neuschönefeld","8204",45,"270","16"
"id-30025","51.3472909376","12.3977763764","Säulen-Hainbuche 'Frans Fontaine'","Carpinus betulus 'Frans Fontaine'","Carpinus","Mariannenstraße",1999,26,"Neustadt-Neuschönefeld","8205",20,"115","8"
"id-30026","51.3478767071","12.3996379646","Chinesische Wildbirne 'Chanticleer'","Pyrus calleryana 'Chanticleer'","Pyrus","Meißner Straße",2013,12,"Neustadt-Neuschönefeld","8116",30,"70","4"
"id-30028","51.3472823147","12.3979347022","Säulen-Hainbuche 'Frans Fontaine'","Carpinus betulus 'Frans Fontaine'","Carpinus","Mariannenstraße",1999,26,"Neustadt-Neuschönefeld","8206",20,"109","8"
"id-30032","51.3472722615","12.3981338968","Säulen-Hainbuche 'Frans Fontaine'","Carpinus betulus 'Frans Fontaine'","Carpinus","Mariannenstraße",2001,24,"Neustadt-Neuschönefeld","8207",10,"15","2"
"id-30047","51.3473869793","12.3977024043","Säulen-Hainbuche 'Frans Fontaine'","Carpinus betulus 'Frans Fontaine'","Carpinus","Mariannenstraße",2020,5,"Neustadt-Neuschönefeld","8210",50,"130","6"
"id-30056","51.3472202580","12.3990640458","Säulen-Hainbuche 'Frans Fontaine'","Carpinus betulus 'Frans Fontaine'","Carpinus","Mariannenstraße",2018,7,"Neustadt-Neuschönefeld","8217",80,"420","12"
"id-30304","51.3329388750","12.4065886797","Kegelförmiger Spitz-Ahorn","Acer platanoides 'Emerald Queen'","Acer","Riebeckstraße",1996,29,"Reudnitz-Thonberg","22121",40,"90","3"
"id-30305","51.3325866404","12.4063924881","Kegelförmiger Spitz-Ahorn","Acer platanoides 'Emerald Queen'","Acer","Riebeckstraße",1996,29,"Reudnitz-Thonberg","22126",20,"20","1"
"id-30340","51.3328115018","12.4047872669","Gefülltblühende Rosskastanie","Aesculus hippocastanum 'Baumannii'","Aesculus","Eilenburger Straße",2005,20,"Reudnitz-Thonberg","22472",2,"2","1"
"id-30645","51.3417444981","12.4059901927","Kaiser-Linde","Tilia x vulgaris 'Pallida'","Tilia","Hermann-Liebmann-Straße",2011,14,"Neustadt-Neuschönefeld","9041",40,"640","16"
"id-30646","51.3417944551","12.4059717183","Kaiser-Linde","Tilia x vulgaris 'Pallida'","Tilia","Hermann-Liebmann-Straße",2011,14,"Neustadt-Neuschönefeld","9042",40,"640","16"
"id-30647","51.3418628013","12.4059510563","Kaiser-Linde","Tilia x vulgaris 'Pallida'","Tilia","Hermann-Liebmann-Straße",2011,14,"Neustadt-Neuschönefeld","9043",40,"680","17"
"id-30648","51.3417587486","12.4058824047","Amberbaum","Liquidambar styraciflua","Liquidambar","Hermann-Liebmann-Straße",2011,14,"Neustadt-Neuschönefeld","9046",60,"660","16"
"id-30650","51.3418778999","12.4058531286","Amberbaum","Liquidambar styraciflua","Liquidambar","Hermann-Liebmann-Straße",2011,14,"Neustadt-Neuschönefeld","9047",40,"600","15"
"id-30653","51.3419026434","12.4059469389","Kaiser-Linde","Tilia x vulgaris 'Pallida'","Tilia","Hermann-Liebmann-Straße",2011,14,"Neustadt-Neuschönefeld","9044",40,"680","17"
"id-31083","51.3449190964","12.4164102204","Säulen-Hainbuche 'Frans Fontaine'","Carpinus betulus 'Frans Fontaine'","Carpinus","Eisenbahnstraße",2009,16,"Volkmarsdorf","8882",30,"30","1"
"id-31241","51.3465483036","12.4093830349","Baumhasel","Corylus colurna","Corylus","Elisabethstraße",2014,11,"Volkmarsdorf","9739",100,"580","8"
"id-31242","51.3465588094","12.4092237461","Baumhasel","Corylus colurna","Corylus","Elisabethstraße",2014,11,"Volkmarsdorf","9745",80,"420","6"
"id-31243","51.3464666332","12.4092161653","Baumhasel","Corylus colurna","Corylus","Elisabethstraße",2014,11,"Volkmarsdorf","9744",40,"80","2"
"id-32457","51.3592937391","12.3869598845","Spitz-Ahorn 'Olmstedt'","Acer platanoides 'Olmstedt'","Acer","Zerbster Straße",2015,10,"Eutritzsch","3964",7,"7","1"
"id-32458","51.3594662756","12.3871668397","Spitz-Ahorn 'Olmstedt'","Acer platanoides 'Olmstedt'","Acer","Zerbster Straße",2015,10,"Eutritzsch","3967",5,"5","1"
"id-32459","51.3593791236","12.3870620475","Spitz-Ahorn 'Olmstedt'","Acer platanoides 'Olmstedt'","Acer","Zerbster Straße",2015,10,"Eutritzsch","3966",5,"5","1"
"id-32460","51.3596605449","12.3874045949","Spitz-Ahorn 'Olmstedt'","Acer platanoides 'Olmstedt'","Acer","Zerbster Straße",2015,10,"Eutritzsch","3970",5,"5","1"
"id-32461","51.3595612866","12.3872852633","Spitz-Ahorn 'Olmstedt'","Acer platanoides 'Olmstedt'","Acer","Zerbster Straße",2015,10,"Eutritzsch","3968",5,"5","1"
"id-32627","51.3597718393","12.3875353091","Spitz-Ahorn 'Olmstedt'","Acer platanoides 'Olmstedt'","Acer","Zerbster Straße",2015,10,"Eutritzsch","3972",5,"5","1"
"id-32716","51.3607695062","12.3918745516","Stadt-Linde","Tilia cordata 'Greenspire'","Tilia","Dessauer Straße",2016,9,"Eutritzsch","3415",30,"260","14"
"id-33143","51.3612267619","12.3825963914","Stadt-Linde","Tilia cordata 'Greenspire'","Tilia","Wilhelminenstraße",2013,12,"Eutritzsch","4031",10,"70","7"
"id-33154","51.3612508607","12.3836746443","Stadt-Linde","Tilia cordata 'Greenspire'","Tilia","Wilhelminenstraße",2013,12,"Eutritzsch","4042",10,"70","7"
"id-35935","51.3703775551","12.4084445565","Winter-Linde 'Roelvo'","Tilia cordata 'Roelvo'","Tilia","Gontardweg",2013,12,"Mockau-Süd","2113",20,"20","1"
"id-36088","51.3705965345","12.4086629550","Kaiser-Linde","Tilia x vulgaris 'Pallida'","Tilia","Gontardweg",2013,12,"Mockau-Süd","2110",40,"1095","82"
"id-41200","51.3568805080","12.4727042410","Baumhasel","Corylus colurna","Corylus","Bisamstraße",1993,32,"Heiterblick","50831",70,"110","2"
"id-458","51.2683147472","12.2931307798","Rotblühende Rosskastanie 'Briotii'","Aesculus x carnea 'Briotii'","Aesculus","Am Klucksgraben",1999,26,"Knautkleeberg-Knauthain","51674",60,"240","4"
"id-459","51.2682366066","12.2931705006","Rotblühende Rosskastanie 'Briotii'","Aesculus x carnea 'Briotii'","Aesculus","Am Klucksgraben",1999,26,"Knautkleeberg-Knauthain","51673",60,"240","4"
"id-4624","51.3159284291","12.2990765326","Sand-Birke","Betula pendula","Betula","Ringstraße",2000,25,"Grünau-Mitte","47019",85,"85","1"
"id-47626","51.3732748714","12.4110307157","Chinesische Wildbirne 'Chanticleer'","Pyrus calleryana 'Chanticleer'","Pyrus","Mockauer Straße",2013,12,"Mockau-Süd","10388",85,"265","5"
"id-47650","51.3746791303","12.4122041273","Chinesische Wildbirne 'Chanticleer'","Pyrus calleryana 'Chanticleer'","Pyrus","Mockauer Straße",2013,12,"Mockau-Nord","10405",50,"80","2"
"id-54683","51.3372924898","12.3701831379","Blumen-Esche","Fraxinus ornus","Fraxinus","Alter Amtshof",2018,7,"Zentrum-West","69992",30,"30","1"
"id-55633","51.3421713813","12.4058412888","Nelken-Kirsche","Prunus serrulata 'Kanzan'","Prunus","Hermann-Liebmann-Straße",2011,14,"Neustadt-Neuschönefeld","71315",40,"600","15"
"id-55634","51.3422751074","12.4058302596","Nelken-Kirsche","Prunus serrulata 'Kanzan'","Prunus","Hermann-Liebmann-Straße",2011,14,"Neustadt-Neuschönefeld","71316",40,"600","15"
"id-56908","51.3244288195","12.3232588088","Straßen-Robinie","Robinia pseudoacacia 'Monophylla'","Robinia","Röckener Straße",2013,12,"Plagwitz","72641",20,"20","1"
"id-56909","51.3243396430","12.3232355182","Straßen-Robinie","Robinia pseudoacacia 'Monophylla'","Robinia","Röckener Straße",2013,12,"Plagwitz","72642",50,"100","2"
"id-56910","51.3242480683","12.3232114178","Straßen-Robinie","Robinia pseudoacacia 'Monophylla'","Robinia","Röckener Straße",2013,12,"Plagwitz","72643",60,"100","3"
"id-56911","51.3241600801","12.3231880581","Straßen-Robinie","Robinia pseudoacacia 'Monophylla'","Robinia","Röckener Straße",2013,12,"Plagwitz","72644",80,"100","2"
"id-56912","51.3240732585","12.3231636810","Straßen-Robinie","Robinia pseudoacacia 'Monophylla'","Robinia","Röckener Straße",2013,12,"Plagwitz","72645",70,"70","1"
"id-56913","51.3239841037","12.3231413390","Straßen-Robinie","Robinia pseudoacacia 'Monophylla'","Robinia","Röckener Straße",2013,12,"Plagwitz","72646",70,"70","1"
"id-56914","51.3238991078","12.3231187547","Straßen-Robinie","Robinia pseudoacacia 'Monophylla'","Robinia","Röckener Straße",2013,12,"Plagwitz","72647",70,"190","4"
"id-56920","51.3258067157","12.3239585702","Zerr-Eiche","Quercus cerris","Quercus","Markranstädter Straße",2013,12,"Plagwitz","73654",200,"550","4"
"id-57764","51.3777665465","12.4464382742","Scharlach-Eiche","Quercus coccinea","Quercus","Eichbergstraße",2013,12,"Thekla","73463",200,"350","2"
"id-57799","51.3258980166","12.2766980460","Nelken-Kirsche","Prunus serrulata 'Kanzan'","Prunus","Mühlhäuser Ring",2014,11,"Schönau","74222",30,"240","8"
"id-57800","51.3258817301","12.2766011069","Nelken-Kirsche","Prunus serrulata 'Kanzan'","Prunus","Mühlhäuser Ring",2014,11,"Schönau","74223",80,"610","8"
"id-57801","51.3258551462","12.2764288376","Nelken-Kirsche","Prunus serrulata 'Kanzan'","Prunus","Mühlhäuser Ring",2014,11,"Schönau","74224",80,"640","8"
"id-57802","51.3258394451","12.2763338736","Nelken-Kirsche","Prunus serrulata 'Kanzan'","Prunus","Mühlhäuser Ring",2014,11,"Schönau","74225",30,"240","8"
"id-57803","51.3258238104","12.2762379009","Nelken-Kirsche","Prunus serrulata 'Kanzan'","Prunus","Mühlhäuser Ring",2014,11,"Schönau","74226",30,"240","8"
"id-57804","51.3258080391","12.2761399266","Nelken-Kirsche","Prunus serrulata 'Kanzan'","Prunus","Mühlhäuser Ring",2014,11,"Schönau","74227",80,"620","8"
"id-57805","51.3258765551","12.2759574259","Feld-Ahorn 'Elsrijk'","Acer campestre 'Elsrijk'","Acer","Mühlhäuser Ring",2014,11,"Schönau","74228",30,"240","8"
"id-57971","51.3233174506","12.3239423810","Feld-Ahorn","Acer campestre","Acer","Weg 5202",2013,12,"Plagwitz","73659",100,"590","9"
"id-57972","51.3233356620","12.3238026552","Feld-Ahorn","Acer campestre","Acer","Weg 5202",2013,12,"Plagwitz","73660",100,"360","5"
"id-57973","51.3233515379","12.3236630653","Feld-Ahorn","Acer campestre","Acer","Weg 5202",2013,12,"Plagwitz","73661",100,"420","9"
"id-57974","51.3233672385","12.3235197533","Feld-Ahorn","Acer campestre","Acer","Weg 5202",2013,12,"Plagwitz","73662",100,"330","5"
"id-57975","51.3233854068","12.3233781635","Feld-Ahorn","Acer campestre","Acer","Weg 5202",2013,12,"Plagwitz","73663",100,"330","5"
"id-57976","51.3234024499","12.3232385053","Feld-Ahorn","Acer campestre","Acer","Weg 5202",2013,12,"Plagwitz","73664",200,"300","2"
"id-57977","51.3234171607","12.3230991264","Feld-Ahorn","Acer campestre","Acer","Weg 5202",2013,12,"Plagwitz","73665",100,"300","4"
"id-57978","51.3234364961","12.3229574683","Feld-Ahorn","Acer campestre","Acer","Weg 5202",2013,12,"Plagwitz","73666",100,"250","4"
"id-58006","51.3232444412","12.3245846927","Hainbuche","Carpinus betulus","Carpinus","Weg 5202",2013,12,"Plagwitz","73657",100,"330","4"
"id-58007","51.3232552201","12.3244778414","Hainbuche","Carpinus betulus","Carpinus","Weg 5202",2013,12,"Plagwitz","73658",100,"170","2"
"id-58690","51.3321152728","12.3040280850","Sumpf-Eiche","Quercus palustris","Quercus","Hafenstraße",2014,11,"Schönau","74408",60,"180","4"
"id-58691","51.3320508704","12.3041177217","Sumpf-Eiche","Quercus palustris","Quercus","Hafenstraße",2014,11,"Schönau","74409",60,"180","4"
"id-58692","51.3319870095","12.3042113464","Sumpf-Eiche","Quercus palustris","Quercus","Hafenstraße",2014,11,"Schönau","74410",30,"30","1"
"id-58699","51.3310230166","12.3056606926","Sumpf-Eiche","Quercus palustris","Quercus","Hafenstraße",2014,11,"Schönau","74418",120,"660","10"
"id-58700","51.3309611832","12.3057564913","Sumpf-Eiche","Quercus palustris","Quercus","Hafenstraße",2014,11,"Schönau","74419",80,"400","8"
"id-58703","51.3306216935","12.3063366083","Sumpf-Eiche","Quercus palustris","Quercus","Hafenstraße",2014,11,"Schönau","74422",100,"980","16"
"id-58704","51.3305637178","12.3064359118","Sumpf-Eiche","Quercus palustris","Quercus","Hafenstraße",2014,11,"Schönau","74423",100,"705","13"
"id-58705","51.3305052236","12.3065322304","Sumpf-Eiche","Quercus palustris","Quercus","Hafenstraße",2014,11,"Schönau","74424",100,"705","13"
"id-58709","51.3302231896","12.3072877097","Brabanter Silber-Linde","Tilia tomentosa 'Brabant'","Tilia","Hafenstraße",2014,11,"Schönau","74429",90,"730","9"
"id-58782","51.3332786646","12.3238294500","Stadt-Linde","Tilia cordata 'Greenspire'","Tilia","Lützner Straße",2014,11,"Lindenau","74430",150,"250","2"
"id-58898","51.3471126378","12.4076138458","Baumhasel","Corylus colurna","Corylus","Hildegardstraße",2015,10,"Volkmarsdorf","74606",80,"130","2"
"id-58901","51.3472591943","12.4076361617","Baumhasel","Corylus colurna","Corylus","Hildegardstraße",2015,10,"Volkmarsdorf","74607",50,"50","1"
"id-58914","51.3530157107","12.4145960439","Feld-Ahorn 'Elsrijk'","Acer campestre 'Elsrijk'","Acer","Kohlweg",2016,9,"Schönefeld-Abtnaundorf","74791",40,"110","4"
"id-58946","51.3169506278","12.2664612564","Herbst-Flammen-Ahorn","Acer x  freemanii 'Autumn Blaze'","Acer","Lützner Straße",2018,7,"Grünau-Nord","75485",250,"250","1"
"id-58978","51.3465780233","12.3159689069","Säulen-Eiche 'Fastigiata Koster'","Quercus robur 'Fastigiata Koster'","Quercus","Weinbergstraße",2019,6,"Leutzsch","75863",40,"150","5"
"id-59065","51.3268030866","12.3724864089","Säulen-Eiche 'Fastigiata Koster'","Quercus robur 'Fastigiata Koster'","Quercus","Braustraße",2016,9,"Zentrum-Süd","74854",80,"435","9"
"id-59066","51.3267953834","12.3720391001","Säulen-Eiche 'Fastigiata Koster'","Quercus robur 'Fastigiata Koster'","Quercus","Braustraße",2016,9,"Zentrum-Süd","74853",80,"80","1"
"id-59172","51.3208324181","12.3220805726","Straßen-Robinie","Robinia pseudoacacia 'Monophylla'","Robinia","Antonienstraße",2018,7,"Plagwitz","75572",50,"60","2"
"id-59194","51.3208752252","12.3208855628","Rot-Eiche","Quercus rubra","Quercus","Antonienstraße",2018,7,"Plagwitz","75583",60,"90","2"
"id-59319","51.3057319526","12.4642522160","Trauben-Eiche","Quercus petraea","Quercus","Stötteritzer Landstraße",2016,9,"Holzhausen","74983",70,"212","8"
"id-59320","51.3057443638","12.4641110575","Trauben-Eiche","Quercus petraea","Quercus","Stötteritzer Landstraße",2016,9,"Holzhausen","74982",40,"172","8"
"id-59321","51.3057627037","12.4639695719","Trauben-Eiche","Quercus petraea","Quercus","Stötteritzer Landstraße",2016,9,"Holzhausen","74981",50,"152","7"
"id-59419","51.3342830794","12.3355687493","Amberbaum","Liquidambar styraciflua","Liquidambar","Siemeringstraße",2017,8,"Lindenau","75081",80,"80","1"
"id-59422","51.3348968745","12.3351950099","Amberbaum","Liquidambar styraciflua","Liquidambar","Siemeringstraße",2017,8,"Lindenau","75078",80,"755","10"
"id-59475","51.3167696545","12.3256083251","Fächerblattbaum","Ginkgo biloba 'Princeton Sentry'","Ginkgo","Gießerstraße",2019,6,"Kleinzschocher","76154",50,"760","22"
"id-59506","51.3090211642","12.3791005435","Hopfenbuche","Ostrya carpinifolia","Ostrya","Stockartstraße",2018,7,"Connewitz","75532",10,"40","4"
"id-59507","51.3091223996","12.3792675465","Hopfenbuche","Ostrya carpinifolia","Ostrya","Stockartstraße",2018,7,"Connewitz","75533",10,"10","1"
"id-59544","51.3153575592","12.3001715631","Schwarz-Kiefer","Pinus nigra","Pinus","Ringstraße",2000,25,"Grünau-Mitte","75126",217,"3732","32"
"id-59739","51.3297419376","12.3079457428","Nelken-Kirsche","Prunus serrulata 'Kanzan'","Prunus","Hafenstraße",2018,7,"Schönau","75500",80,"320","5"
"id-59862","51.3079483028","12.3790341322","Amberbaum","Liquidambar styraciflua","Liquidambar","Pfeffingerstraße",2018,7,"Connewitz","75521",20,"20","1"
"id-59863","51.3080216031","12.3792986483","Amberbaum","Liquidambar styraciflua","Liquidambar","Pfeffingerstraße",2018,7,"Connewitz","75522",50,"150","3"
"id-59864","51.3081033402","12.3795834969","Amberbaum","Liquidambar styraciflua","Liquidambar","Pfeffingerstraße",2018,7,"Connewitz","75523",50,"150","3"
"id-59865","51.3081653019","12.3798000899","Amberbaum","Liquidambar styraciflua","Liquidambar","Pfeffingerstraße",2018,7,"Connewitz","75524",100,"625","10"
"id-59872","51.3359628720","12.3612292520","Stadt-Linde","Tilia cordata 'Greenspire'","Tilia","Hillerstraße",2018,7,"Zentrum-West","75684",90,"410","5"
"id-59878","51.3341877077","12.3557264109","Säulen-Eiche","Quercus robur 'Fastigiata'","Quercus","Sebastian-Bach-Straße",2018,7,"Zentrum-West","75760",50,"290","8"
"id-59879","51.3343046203","12.3559442122","Säulen-Eiche","Quercus robur 'Fastigiata'","Quercus","Sebastian-Bach-Straße",2018,7,"Zentrum-West","75759",10,"50","5"
"id-59882","51.3346687297","12.3566221359","Säulen-Eiche","Quercus robur 'Fastigiata'","Quercus","Sebastian-Bach-Straße",2018,7,"Zentrum-West","75756",60,"565","15"
"id-59915","51.3180596624","12.3713758975","Hopfenbuche","Ostrya carpinifolia","Ostrya","Kochstraße",2018,7,"Südvorstadt","75702",5,"5","1"
"id-59918","51.3174736806","12.3713751077","Ungarische Eiche","Quercus frainetto","Quercus","Kochstraße",2019,6,"Südvorstadt","75707",70,"155","3"
"id-59923","51.3185159593","12.3712689935","Hopfenbuche","Ostrya carpinifolia","Ostrya","Kochstraße",2018,7,"Südvorstadt","75694",10,"26","3"
"id-59929","51.3195062498","12.3713510044","Blumen-Esche","Fraxinus ornus","Fraxinus","Kochstraße",2019,6,"Südvorstadt","75689",56,"685","23"
"id-59930","51.3193584662","12.3713385012","Blumen-Esche","Fraxinus ornus","Fraxinus","Kochstraße",2019,6,"Südvorstadt","75690",56,"1090","30"
"id-59931","51.3191697989","12.3713237435","Blumen-Esche","Fraxinus ornus","Fraxinus","Kochstraße",2018,7,"Südvorstadt","75691",56,"1063","30"
"id-59997","51.3161981425","12.2626734609","Herbst-Flammen-Ahorn","Acer x  freemanii 'Autumn Blaze'","Acer","Lützner Straße",2018,7,"Lausen-Grünau","75493",150,"150","1"
"id-59998","51.3161749602","12.2625475348","Herbst-Flammen-Ahorn","Acer x  freemanii 'Autumn Blaze'","Acer","Lützner Straße",2018,7,"Lausen-Grünau","75494",150,"150","1"
"id-59999","51.3161623293","12.2624382035","Herbst-Flammen-Ahorn","Acer x  freemanii 'Autumn Blaze'","Acer","Lützner Straße",2018,7,"Lausen-Grünau","75495",150,"150","1"
"id-60000","51.3166381356","12.2644196641","Herbst-Flammen-Ahorn","Acer x  freemanii 'Autumn Blaze'","Acer","Lützner Straße",2018,7,"Grünau-Nord","75490",200,"200","1"
"id-60002","51.3166784916","12.2646916848","Herbst-Flammen-Ahorn","Acer x  freemanii 'Autumn Blaze'","Acer","Lützner Straße",2018,7,"Grünau-Nord","75488",150,"150","1"
"id-60003","51.3168428626","12.2657945241","Herbst-Flammen-Ahorn","Acer x  freemanii 'Autumn Blaze'","Acer","Lützner Straße",2018,7,"Grünau-Nord","75486",200,"200","1"
"id-60106","51.3130270118","12.2892855390","Platane","Platanus x acerifolia","Platanus","Ratzelstraße",2019,6,"Grünau-Siedlung","76222",150,"250","2"
"id-60108","51.3129682451","12.2889074000","Platane","Platanus x acerifolia","Platanus","Ratzelstraße",2019,6,"Grünau-Siedlung","76224",150,"250","2"
"id-60109","51.3129339500","12.2887082157","Platane","Platanus x acerifolia","Platanus","Ratzelstraße",2019,6,"Grünau-Siedlung","76225",150,"250","2"
"id-60110","51.3128986129","12.2885184216","Platane","Platanus x acerifolia","Platanus","Ratzelstraße",2019,6,"Grünau-Siedlung","76226",150,"250","2"
"id-60111","51.3128608105","12.2883270511","Platane","Platanus x acerifolia","Platanus","Ratzelstraße",2019,6,"Grünau-Siedlung","76227",150,"250","2"
"id-60113","51.3127875404","12.2879364234","Platane","Platanus x acerifolia","Platanus","Ratzelstraße",2019,6,"Grünau-Siedlung","76229",150,"250","2"
"id-60114","51.3120289204","12.2841101024","Platane","Platanus x acerifolia","Platanus","Ratzelstraße",2019,6,"Grünau-Siedlung","76230",100,"300","3"
"id-60115","51.3119937988","12.2839299179","Platane","Platanus x acerifolia","Platanus","Ratzelstraße",2019,6,"Grünau-Siedlung","76231",100,"300","3"
"id-60116","51.3119587634","12.2837534599","Platane","Platanus x acerifolia","Platanus","Ratzelstraße",2019,6,"Grünau-Siedlung","76232",100,"300","3"
"id-60117","51.3119212626","12.2835754257","Platane","Platanus x acerifolia","Platanus","Ratzelstraße",2019,6,"Grünau-Siedlung","76233",100,"300","3"
"id-60118","51.3118874409","12.2833970309","Platane","Platanus x acerifolia","Platanus","Ratzelstraße",2019,6,"Grünau-Siedlung","76234",100,"300","3"
"id-60119","51.3118511506","12.2832169166","Platane","Platanus x acerifolia","Platanus","Ratzelstraße",2019,6,"Grünau-Siedlung","76235",100,"300","3"
"id-60120","51.3113504136","12.2806132549","Platane","Platanus x acerifolia","Platanus","Ratzelstraße",2019,6,"Grünau-Siedlung","76236",100,"400","4"
"id-60121","51.3113057658","12.2804336392","Platane","Platanus x acerifolia","Platanus","Ratzelstraße",2019,6,"Grünau-Siedlung","76237",100,"400","4"
"id-60122","51.3112631899","12.2802386893","Platane","Platanus x acerifolia","Platanus","Ratzelstraße",2019,6,"Grünau-Siedlung","76238",100,"400","4"
"id-60123","51.3112171109","12.2800478218","Platane","Platanus x acerifolia","Platanus","Ratzelstraße",2019,6,"Grünau-Siedlung","76239",100,"400","4"
"id-60288","51.3270243521","12.2738346186","Stiel-Eiche","Quercus robur","Quercus","Lyoner Straße",2019,6,"Schönau","76316",100,"100","1"
"id-60289","51.3270303969","12.2739937536","Stiel-Eiche","Quercus robur","Quercus","Lyoner Straße",2019,6,"Schönau","76317",100,"400","4"
"id-60290","51.3270389568","12.2741566155","Stiel-Eiche","Quercus robur","Quercus","Lyoner Straße",2019,6,"Schönau","76318",100,"400","4"
"id-60291","51.3270468328","12.2743403340","Stiel-Eiche","Quercus robur","Quercus","Lyoner Straße",2019,6,"Schönau","76319",100,"100","1"
"id-60292","51.3270566466","12.2745068542","Stiel-Eiche","Quercus robur","Quercus","Lyoner Straße",2019,6,"Schönau","76320",100,"100","1"
"id-60293","51.3270639016","12.2746677839","Stiel-Eiche","Quercus robur","Quercus","Lyoner Straße",2019,6,"Schönau","76321",100,"100","1"
"id-60294","51.3270706993","12.2748554426","Stiel-Eiche","Quercus robur","Quercus","Lyoner Straße",2019,6,"Schönau","76322",100,"100","1"
"id-60295","51.3270829374","12.2750218192","Stiel-Eiche","Quercus robur","Quercus","Lyoner Straße",2019,6,"Schönau","76323",100,"400","4"
"id-60296","51.3270985014","12.2751803899","Stiel-Eiche","Quercus robur","Quercus","Lyoner Straße",2019,6,"Schönau","76324",100,"100","1"
"id-60297","51.3271136517","12.2753714297","Stiel-Eiche","Quercus robur","Quercus","Lyoner Straße",2019,6,"Schönau","76325",100,"400","4"
"id-60298","51.3271243647","12.2755264122","Stiel-Eiche","Quercus robur","Quercus","Lyoner Straße",2019,6,"Schönau","76326",100,"100","1"
"id-60299","51.3271413656","12.2756926503","Stiel-Eiche","Quercus robur","Quercus","Lyoner Straße",2019,6,"Schönau","76327",100,"400","4"
"id-60300","51.3271600144","12.2758794632","Stiel-Eiche","Quercus robur","Quercus","Lyoner Straße",2019,6,"Schönau","76328",100,"400","4"
"id-60301","51.3271789066","12.2760303721","Stiel-Eiche","Quercus robur","Quercus","Lyoner Straße",2019,6,"Schönau","76329",100,"400","4"
"id-60302","51.3271962758","12.2761931433","Stiel-Eiche","Quercus robur","Quercus","Lyoner Straße",2019,6,"Schönau","76330",100,"400","4"
"id-60303","51.3272131636","12.2763738880","Stiel-Eiche","Quercus robur","Quercus","Lyoner Straße",2019,6,"Schönau","76331",100,"400","4"
"id-60304","51.3272316874","12.2765476450","Stiel-Eiche","Quercus robur","Quercus","Lyoner Straße",2019,6,"Schönau","76332",100,"100","1"
"id-60305","51.3272564217","12.2767216083","Stiel-Eiche","Quercus robur","Quercus","Lyoner Straße",2019,6,"Schönau","76333",100,"100","1"
"id-60306","51.3273332076","12.2772386087","Stiel-Eiche","Quercus robur","Quercus","Lyoner Straße",2019,6,"Schönau","76336",100,"100","1"
"id-60307","51.3272813426","12.2769036000","Stiel-Eiche","Quercus robur","Quercus","Lyoner Straße",2019,6,"Schönau","76334",100,"100","1"
"id-60308","51.3273055205","12.2770730028","Stiel-Eiche","Quercus robur","Quercus","Lyoner Straße",2019,6,"Schönau","76335",100,"400","4"
"id-60343","51.3230633456","12.3776757566","Ungarische Eiche","Quercus frainetto","Quercus","Arndtstraße",2019,6,"Südvorstadt","75974",50,"50","1"
"id-60344","51.3230604354","12.3779152099","Ungarische Eiche","Quercus frainetto","Quercus","Arndtstraße",2019,6,"Südvorstadt","75975",50,"50","1"
"id-60345","51.3230573899","12.3781526612","Ungarische Eiche","Quercus frainetto","Quercus","Arndtstraße",2019,6,"Südvorstadt","75976",50,"100","2"
"id-60346","51.3230549690","12.3783617987","Ungarische Eiche","Quercus frainetto","Quercus","Arndtstraße",2019,6,"Südvorstadt","75977",50,"100","2"
"id-6991","51.3104410581","12.3692427982","Stadt-Linde","Tilia cordata 'Greenspire'","Tilia","Windscheidstraße",1998,27,"Connewitz","42621",130,"190","2"
"id-6992","51.3103752459","12.3692558919","Stadt-Linde","Tilia cordata 'Greenspire'","Tilia","Windscheidstraße",1995,30,"Connewitz","42622",120,"180","2"
"id-7087","51.3144878143","12.3273948479","Säulen-Hainbuche 'Frans Fontaine'","Carpinus betulus 'Frans Fontaine'","Carpinus","Windorfer Straße",2003,22,"Kleinzschocher","41125",10,"10","1"
"id-7527","51.3214386807","12.3268872745","Stadt-Linde","Tilia cordata 'Greenspire'","Tilia","Gerhardstraße",2016,9,"Plagwitz","44423",170,"170","1"
"id-7628","51.3220921074","12.3386254265","Kegel-Linde","Tilia flavescens 'Glenleven'","Tilia","Holbeinstraße",2017,8,"Schleußig","40457",120,"502","5"
"id-7631","51.3221611407","12.3386512852","Kegel-Linde","Tilia flavescens 'Glenleven'","Tilia","Holbeinstraße",2017,8,"Schleußig","40456",120,"270","3"
"id-7887","51.3296259902","12.3268495108","Platane","Platanus x acerifolia","Platanus","Karl-Heine-Straße",2010,15,"Lindenau","39642",10,"10","1"
"id-7888","51.3295891533","12.3267055048","Platane","Platanus x acerifolia","Platanus","Karl-Heine-Straße",2010,15,"Lindenau","39643",10,"10","1"
"id-7968","51.3202706228","12.3416771268","Hopfenbuche","Ostrya carpinifolia","Ostrya","Könneritzstraße",2017,8,"Schleußig","39422",100,"140","2"
"id-7981","51.3203643808","12.3419679619","Stadt-Linde","Tilia cordata 'Greenspire'","Tilia","Könneritzstraße",2016,9,"Schleußig","39447",100,"180","2"
"id-8697","51.3249022864","12.3444174168","Stadt-Linde","Tilia cordata 'Greenspire'","Tilia","Könneritzstraße",2016,9,"Schleußig","39535",15,"15","1"
"id-8703","51.3244614778","12.3441832126","Hopfenbuche","Ostrya carpinifolia","Ostrya","Könneritzstraße",2016,9,"Schleußig","39542",40,"75","3"
"id-8756","51.3248449926","12.3423725560","Gleditschie 'Skyline'","Gleditsia triacanthos 'Skyline'","Gleditsia","Brockhausstraße",2024,1,"Schleußig","40847",10,"10","1"
"id-8774","51.3247837115","12.3423196853","Straßen-Robinie","Robinia pseudoacacia 'Monophylla'","Robinia","Brockhausstraße",2001,24,"Schleußig","40848",15,"35","3"
"id-8780","51.3249018931","12.3422641862","Straßen-Robinie","Robinia pseudoacacia 'Monophylla'","Robinia","Brockhausstraße",2018,7,"Schleußig","40839",20,"35","2"
"id-8930","51.3279753776","12.3458086173","Hopfenbuche","Ostrya carpinifolia","Ostrya","Könneritzstraße",2016,9,"Schleußig","39624",32,"46","2"
"id-8932","51.3278018936","12.3459479862","Stadt-Linde","Tilia cordata 'Greenspire'","Tilia","Könneritzstraße",2016,9,"Schleußig","39601",32,"515","21"
"id-8938","51.3274064343","12.3457382662","Hopfenbuche","Ostrya carpinifolia","Ostrya","Könneritzstraße",2016,9,"Schleußig","39607",20,"20","1"
"id-8998","51.3246552475","12.3442799623","Stadt-Linde","Tilia cordata 'Greenspire'","Tilia","Könneritzstraße",2016,9,"Schleußig","39539",40,"75","3"
